,Unnamed: 0,Unnamed: 0.1,author,text,whom,context,level,post,ages,sex,label,–ø–æ–ª–Ω–∞—è –¥–∞—Ç–∞,–¥—É–±–ª–∏–∫–∞—Ç—ã,"–í–æ–∑—Ä–∞—Å—Ç, –ª–µ—Ç",–≤–æ–∑—Ä–∞—Å—Ç –ª–µ–π–±–ª,6/24/2023,Unnamed: 16,Unnamed: 17,Unnamed: 18,Unnamed: 19,—Å–ø—Å 67,–ø–∞—Å–∏–±–æ 18,–±–ª–∞–≥–æ 77,–º–µ—Ä—Å–∏ 4,sentiment
0,0,0,70636227,–°–ø—Å —è –∑–Ω–∞–ª,post,post,1,11576922,22.3,2,—Å–ø—Å,,,"-123,6",,,,,,,,,,,0
1,1,1,632973319,—Å–ø—Å,post,post,1,11575063,,1,—Å–ø—Å,,,,,,,,,,,,,,1
2,2,2,70744576,"—Å–ø—Å —á—Ç–æ –≤ —É–≥–ª—É –ø–æ—è—Å–Ω—è–µ—Ç—Å—è —á—Ç–æ —Ç–∞–º –ø—Ä–æ—Å—Ç–æ –≥—É—Å–∏,–∞ —Ç–æ —è –¥—É—Ä–∞–∫ –¥—É–º–∞–ª —á—Ç–æ —É –Ω–∏—Ö –ø—Ä–∞–≤–¥–∞ —Ä—É–∫–∏ –∏ —à–ª—è–ø–∞ –¥–∞ –∏ –ø–æ—é—Ç –µ—â—ë.",post,post,1,11544270,1.2.1993,2,—Å–ø—Å,1.0,,"30,4",3.0,,,,,—é–∑–µ—Ä–æ–≤,,,,,2
3,3,3,140042399,–ü–∞—Å–∏–±–∞,post,post,1,11535172,,2,–ø–∞—Å–∏–±–æ,,,,,,,,,,,,,,2
4,4,4,136070866,–°–ø—Å –∑–∞ –º–æ—Ç–∏–≤–∞—Ü–∏—é –ø–µ—Ä–µ–π—Ç–∏ –Ω–∞ –û–ø–µ—Ä–∞–ì–•),post,post,1,11486854,17.8,2,—Å–ø—Å,,,,,,,,,,,,,,1
5,5,5,670323132,"–í–∑–¥–æ—Ä—á–Ω—É—Ç—å –Ω–∞–¥–æ, —Å–ø—Å",post,post,1,11479580,2.8.1988,2,—Å–ø—Å,1.0,,"34,9",3.0,,,,0-18,1,,,,,0
6,6,6,206423605,–≤—ã–ø–ª–∞—á–∏–≤–∞—é—Ç —Å–ø–æ–∫–æ–π–Ω–æ. –°–ø—Å –∑–∞ 1—Ö –∑–∞ —Ç—Ä–µ—Ç—å—é –º–∞–∑–¥—É),post,post,1,11398667,21.12,2,—Å–ø—Å,,,,,,,,,,,,,,1
7,7,7,658007699,"–õ—é–¥–∏–∏–∏, –ø–æ–¥–µ–ª–∏—Ç–µ—Å—å –≥–∏–≥–∞–º–∏ –Ω–∞ —Ç–µ–ª–µ2, –±—É–¥—É –æ—á–µ–Ω—å –±–ª–∞–≥–æ–¥–∞—Ä–µ–Ω –∏ –ü—Ä–∏–∑–Ω–∞—Ç–µ–ª–µ–Ω, 89309205854",post,post,1,11381073,4.7.1984,2,–±–ª–∞–≥–æ,1.0,1.0,,,,,,,,,,,,1
8,8,8,658007699,"–õ—é–¥–∏–∏–∏, –ø–æ–¥–µ–ª–∏—Ç–µ—Å—å –ø–æ–∂–∞–ª—É–π—Å—Ç–∞, –≥–∏–≥–∞–º–∏ –Ω–∞ —Ç–µ–ª–µ2, –±—É–¥—É –æ—á–µ–Ω—å –±–ª–∞–≥–æ–¥–∞—Ä–µ–Ω –∏ –ü—Ä–∏–∑–Ω–∞—Ç–µ–ª–µ–Ω, 89309205854. –°–ø–∞—Å–∏–±–æ–æ–æ–æ–æ–æ–æ–æ–æ))))",post,post,1,11381073,4.7.1984,2,–±–ª–∞–≥–æ,1.0,1.0,,,,,,,,,,,,1
9,9,9,658007699,"–õ—é–¥–∏–∏–∏, –ø–æ–¥–µ–ª–∏—Ç–µ—Å—å –≥–∏–≥–∞–º–∏ –Ω–∞ —Ç–µ–ª–µ2, –±—É–¥—É –æ—á–µ–Ω—å –±–ª–∞–≥–æ–¥–∞—Ä–µ–Ω –∏ –ü—Ä–∏–∑–Ω–∞—Ç–µ–ª–µ–Ω, 89309205854",post,post,1,11380919,4.7.1984,2,–±–ª–∞–≥–æ,1.0,1.0,,,,,,,,,,,,1
10,10,10,658007699,"–õ—é–¥–∏–∏–∏, –ø–æ–¥–µ–ª–∏—Ç–µ—Å—å –≥–∏–≥–∞–º–∏ –Ω–∞ —Ç–µ–ª–µ2, –±—É–¥—É –æ—á–µ–Ω—å –±–ª–∞–≥–æ–¥–∞—Ä–µ–Ω –∏ –ü—Ä–∏–∑–Ω–∞—Ç–µ–ª–µ–Ω, 89309205854",post,post,1,11370449,4.7.1984,2,–±–ª–∞–≥–æ,1.0,,"39,0",3.0,,,,18-30,46,,,,,1
11,11,11,371163424,"–ü–∞—Å–∏–±–∞, —â–∞ –∑–∞–º—É—Ç–∏–º",post,post,1,11367294,16.9.2002,2,–ø–∞—Å–∏–±–æ,1.0,,"20,8",2.0,,,,30+,31,,,,,0
12,12,12,85684849,"–ù–∞—Ä–æ–¥, —è —Ç—É—Ç –Ω–µ –ø–æ —Ç–µ–º–µ. –ú–æ–∂–µ—Ç–µ –æ—Å—Ç–∞–≤–∏—Ç—å –ø–æ –æ–¥–Ω–æ–π —Ä–µ–∞–∫—Ü–∏–∏ –ø–æ–¥ —ç—Ç–æ–π –∑–∞–ø–∏—Å—å—é? –¢–æ –≤ –Ω–∞–ª–∏—á–∏–∏ —Ç–æ–ª—å–∫–æ ¬´–ª–∞–π–∫¬ª –∏ ¬´–æ–≥–æ¬ª. –ó–∞—Ä–∞–Ω–µ–µ –±–ª–∞–≥–æ–¥–∞—Ä–µ–Ω",post,post,1,11363265,13.8.1994,2,–±–ª–∞–≥–æ,1.0,1.0,,,,,,,,,,,,0
13,13,13,85684849,"–ù–∞—Ä–æ–¥, —è —Ç—É—Ç –Ω–µ –ø–æ —Ç–µ–º–µ. –ú–æ–∂–µ—Ç–µ –æ—Å—Ç–∞–≤–∏—Ç—å –ø–æ –æ–¥–Ω–æ–π —Ä–µ–∞–∫—Ü–∏–∏ –ø–æ–¥ —ç—Ç–æ–π –∑–∞–ø–∏—Å—å—é? –¢–æ –≤ –Ω–∞–ª–∏—á–∏–∏ —Ç–æ–ª—å–∫–æ ¬´–ª–∞–π–∫¬ª –∏ ¬´–æ–≥–æ¬ª. –ó–∞—Ä–∞–Ω–µ–µ –±–ª–∞–≥–æ–¥–∞—Ä–µ–Ω",post,post,1,11362668,13.8.1994,2,–±–ª–∞–≥–æ,1.0,,"28,9",2.0,,,,,,,,,,0
14,14,14,619097064,"¬† –î–æ–±—Ä–æ—Å–≤–µ—Ç-–¥—É—à–∞, –∂–µ–º—á—É–∂–∏–Ω–∞ –≤ –æ–∂–µ—Ä–µ–ª—å–µ –í—ã—Å—à–µ–≥–æ –û—Ç—Ü–∞, –ú–∞—è–∫ –±–æ–∂–µ—Å—Ç–≤–µ–Ω–Ω–æ–≥–æ —Å–≤–µ—Ç–∞ –¥–æ–±—Ä–æ–¥–µ—Ç–µ–ª–∏, –ø—Ä–∏–º–∏—Ç–µ –≤ –¥–∞—Ä –∞—Ä–æ–º–∞—Ç –±—É–∫–µ—Ç–∞ —á–∏—Å—Ç—ã—Ö —á—É–≤—Å—Ç–≤ –∏ –¥–æ–±—Ä—ã—Ö –ø–æ–∂–µ–ª–∞–Ω–∏–π –æ—Ç –ª–æ–¥–∫–∏-–¥—É—à–∏, —Å—Ç—Ä–∞–Ω—Å—Ç–≤—É—é—â–µ–π –ø–æ –≤–æ–ª–Ω–∞–º –æ–∫–µ–∞–Ω–∞ –∂–∏–∑–Ω–∏, –∏ –∑–∞–±—Ä–æ—à–µ–Ω–Ω–æ–π –≤–µ—Ç—Ä–∞–º–∏ —Å—É–¥—å–±—ã –Ω–∞ —Å–∫–∞–ª—ã —É –±—Ä–µ–≥–æ–≤ –¥–æ—Å—Ç–æ—Å–ª–∞–≤–Ω–æ–≥–æ –ì—Ä–∞–¥–∞ N, –∏ —Å–ø–∞—Å—ë–Ω–Ω–æ–π –º–µ—Ä—Ü–∞—é—â–∏–º —Å–∏—è–Ω–∏–µ–º –í–∞—à–µ–≥–æ –ú–∞—è–∫–∞ –ù–∞–¥–µ–∂–¥—ã. –í –∑–Ω–∞–∫ –ø—Ä–∏–∑–Ω–∞—Ç–µ–ª—å–Ω–æ—Å—Ç–∏ –∑–∞ –ø—Ä–æ—Ç—è–Ω—É—Ç—É—é —Ä—É–∫—É —Å–≤–µ—Ç–∞ –∏ –¥—Ä—É–∂–±—ã –æ—Å—ã–ø–∞—é –í–∞—à—É –°–≤–µ—Ç–ª–æ—Å—Ç—å –ª–µ–ø–µ—Å—Ç–∫–∞–º–∏ —Ä–æ–∑ –º–æ–µ–π —Å–µ—Ä–¥–µ—á–Ω–æ–π –±–ª–∞–≥–æ–¥–∞—Ä–Ω–æ—Å—Ç–∏. 
¬† –ù–µ —Å–º–µ—é –Ω–∞–¥–µ—è—Ç—å—Å—è –Ω–∞ —Å–Ω–∏—Å—Ö–æ–∂–¥–µ–Ω–∏–µ –∏ –≤–Ω–∏–º–∞–Ω–∏–µ –∫ –º–æ–µ–π —Å–ª—É—á–∞–π–Ω–æ–π –ø–µ—Ä—Å–æ–Ω–µ, –≤–¥—Ä—É–≥ –≤–æ–∑–Ω–∏–∫—à–µ–π –∏–∑ –Ω–∏–æ—Ç–∫—É–¥–∞. –ù–æ –≤—Å—ë –∂–µ –æ—Å—Ç–∞–≤–ª—è—é –º–µ—Å—Ç–æ –±–æ–∂–µ—Å—Ç–≤–µ–Ω–Ω–æ–º—É –ø—Ä–æ–≤–∏[–µ]–¥–µ–Ω–∏—é –∏ —á—É–¥—É —Ä–∞—Å—Å–º–æ—Ç—Ä–µ–Ω–∏—è –í–∞–º–∏ –º–æ–µ–π –ø—Ä–æ—Å—å–±—ã –Ω–∞ –∞—É–¥–∏–µ–Ω—Ü–∏—é, –ø—É—Å—Ç—å –≤ —á–∞—Ç–µ –∏–ª–∏ –æ–Ω–ª–∞–π–Ω –∏–ª–∏ ""–¥—É—à–∞ –≤ –¥—É—à—É, –≥–ª–∞–∑–∞ –≤ –≥–ª–∞–∑–∞"" –ø–æ–∫–∞ —è –∑–¥–µ—Å—å –µ—â—ë. –ê —Å—É—Ç—å –∑–∞–ø—Ä–æ—Å–∞: –º–Ω–µ —Ö–æ—á–µ—Ç—Å—è –¥–µ–ª–∏—Ç—å—Å—è –æ–±—Ä–µ—Ç—ë–Ω–Ω—ã–º –±–æ–≥–∞—Ç—Å—Ç–≤–æ–º –ø—Ä–∞–∫—Ç–∏—á–µ—Å–∫–æ–≥–æ –æ–ø—ã—Ç–∞ –Ω–∞ –æ—Å–Ω–æ–≤–µ —É–Ω–∏–∫–∞–ª—å–Ω–µ–π—à–µ–≥–æ –ó–Ω–∞–Ω–∏—è –æ–± –£–Ω–∏–≤–µ—Ä—Å—É–º–µ. 
–î–ª—è –Ω–∞–≥–ª—è–¥–Ω–æ—Å—Ç–∏, –ø—Ä–∏–≤–µ–¥—É –Ω–µ—Å–∫–æ–ª—å–∫–æ –∞—Å–ø–µ–∫—Ç–æ–≤ –∏ —Ç–µ–º –∏–∑ –ø—Ä–µ–¥–ª–∞–≥–∞–µ–º–æ–≥–æ –∑–Ω–∞–Ω–∏—è. –í–æ—Ç –ø–µ—Ä–≤—ã–π –∏¬† —Ñ—É–Ω–¥–∞–º–µ–Ω—Ç–∞–ª—å–Ω—ã–π, —Å –∫–æ–µ–≥–æ –∏ –±—É–¥–µ—Ç –ø—Ä–µ–¥–ª–æ–∂–µ–Ω–æ –Ω–∞—á–∞—Ç—å –≤—Å—Ç—Ä–µ—á—É-–±–µ—Å–µ–¥—É: ""–ö—Ç–æ –Ø?"" –ó–¥–µ—Å—å –ø–æ–π–¥—ë—Ç —Ä–µ—á—å –æ —Ç–æ—á–Ω–æ–º –∫–æ–Ω–∫—Ä–µ—Ç–Ω–æ–º –ø—Ä–µ–¥—Å—Ç–∞–≤–ª–µ–Ω–∏–∏ –æ –¥—É—à–µ, –≤–ø–ª–æ—Ç—å –¥–æ —Ñ–æ—Ä–º—ã –∏ —Ä–∞–∑–º–µ—Ä–∞, –∞ —Ç–∞–∫ –∂–µ –æ—Ç–∫—É–¥–∞ –ø—Ä–∏—Ö–æ–¥–∏–º (–≥–¥–µ –¥–æ–º –¥—É—à?), –∫–æ–≥–¥–∞ –æ–±—Ä–∞—Ç–Ω–æ, —á—å–∏ –º—ã, –∫–∞–∫–æ–≤ –û–Ω –û—Ç–µ—Ü, –∫–∞–∫ –∏–∑–º–µ–Ω–∏—Ç—å –≤—Ä–µ–¥–Ω—ã–µ –ø—Ä–∏–≤—ã—á–∫–∏, –∫–∞–∫ –Ω–∞–∫–æ–ø–∏—Ç—å —Å–∏–ª—É –∏–Ω—Ç–µ–ª–ª–µ–∫—Ç—É, –∫–∞–∫–∏–µ –º—ã –∏–∑–Ω–∞—á–∞–ª—å–Ω–æ, –¥–æ –¥–µ–≥—Ä–∞–¥–∞—Ü–∏–∏, –∫–∞–∫–∏–º –∑–∞–∫–æ–Ω–∞–º –≤—Å—ë —ç—Ç–æ –¥–≤–∏–∂–µ–Ω–∏–µ –∏—Å—Ç–æ—Ä–∏–∏ —á–µ–ª–æ–≤–µ—á–µ—Å—Ç–≤–∞ –ø–æ–¥—á–∏–Ω—è–µ—Ç—Å—è, —á—Ç–æ —Ç–∞–∫–æ–µ –∑–∞–∫–æ–Ω –∫–∞—Ä–º—ã, –∫–∞–∫–æ–≤–∞ —Ä–æ–ª—å –æ—Ç—Ü–æ–≤-–æ—Å–Ω–æ–≤–∞—Ç–µ–ª–µ–π –∫–∞–∂–¥–æ–π –∏–∑ 4 –æ—Å–Ω–æ–≤–Ω—ã—Ö –≤–µ—Ç–≤–µ–π –Ω–∞ –¥—Ä–µ–≤–µ –º–∏—Ä–æ–≤—ã—Ö —Ä–µ–ª–∏–≥–∏–π, —á—Ç–æ –∏–∑ —Å–µ–±—è –ø—Ä–µ–¥—Å—Ç–∞–≤–ª—è–µ—Ç –≤—Ä–µ–º—è (–ø—Ä—è–º–∞—è, —Å–ø–∏—Ä–∞–ª—å –∏–ª–∏ –∫—Ä—É–≥-—Ü–∏–∫–ª)... –∏ –µ—â—ë –º–Ω–æ–≥–æ –¥—Ä—É–≥–æ–≥–æ –ø—Ä–µ–¥–º–µ—Ç–Ω–æ–≥–æ, –¥–µ—Ç–∞–ª—å–Ω–æ —Ä–∞–∑–æ–±—Ä–∞–Ω–Ω–æ–≥–æ, —Ç–µ–æ—Ä–µ—Ç–∏—á–µ—Å–∫–æ–≥–æ –º–∞—Ç–µ—Ä–∏–∞–ª–∞. –ü—Ä–æ—Å—Ç–∏—Ç–µ –∑–∞ –Ω–µ–æ–∂–∏–¥–∞–Ω–Ω—É—é –≤–æ–ª–Ω—É... –∏ –±—É–¥—É –∂–¥–∞—Ç—å –≤–µ—Ä–¥–∏–∫—Ç–∞-—Å–æ–≥–ª–∞—Å–∏—è –æ –≤–æ—Å—Ç—Ä–µ–±–æ–≤–∞–Ω–Ω–æ—Å—Ç–∏ –≤ –í–∞—à–µ–π –ø—Ä–µ—Ñ–µ–∫—Ç—É—Ä–µ –¥–∞–Ω–Ω–æ–≥–æ –æ–±—Ä–∞–∑–æ–≤–∞–Ω–∏—è. –ú–∏—Ä–æ–ø–æ–∫–æ—è –¥—É—à–µ. –û—Ç–Ω—ã–Ω–µ –∏ –ø—Ä–∏—Å–Ω–æ –í–∞—à –≤–µ—Ä–Ω–æ–ø–æ–¥–¥–∞–Ω—ã–π –∏ –ø–æ–∫–æ—Ä–Ω—ã–π —Å–ª—É–≥–∞. 
¬† –°–≤–µ—Ç-–¥—É—à–∞, –Ω–∏—Å–∫–æ–ª—å–∫–æ –Ω–µ —Ö–æ—á—É –ª–∏—à–Ω–∏–º–∏ –∑–∞–±–æ—Ç–∞–º–∏ –í–∞—Å –ø–µ—Ä–µ–≥—Ä—É–∂–∞—Ç—å, –ø–æ—Ç–æ–º—É –±–ª–∞–≥–æ–¥–∞—Ä–µ–Ω –µ—Å—Ç—å –∏ –±—É–¥—É –ø—Ä–∏ –ª—é–±–æ–º –∏—Å—Ö–æ–¥–µ... –Ω–æ –∂–∞–∂–¥—É –≤–∑–∞–∏–º–æ–∏–Ω–∏—Ü–∏–∏—Ä–æ–≤–∞–Ω–Ω–æ–π –∫–æ–Ω—Å—Ç—Ä—É–∫—Ç–∏–≤–Ω–æ–π –ø–ª–æ–¥–æ—Ç–≤–æ—Ä–Ω–æ–π –≤—Å—Ç—Ä–µ—á–∏ —Å –º—É–¥—Ä–æ–π, —Å–ª–∞–¥–∫–æ–π –¥—É—à–æ–π, –µ—Å–ª–∏, –∫–æ–Ω–µ—á–Ω–æ –∂–µ, –í–∞—Å –∑–∞–∏–Ω—Ç–µ—Ä–µ—Å–æ–≤–∞–ª–∏ –≤—ã—à–µ –æ–∑–≤—É—á–µ–Ω–Ω—ã–µ —Ç–µ–º—ã...",post,post,1,11359626,28.11.1998,2,–±–ª–∞–≥–æ,1.0,,"24,6",2.0,,,,,,,,,,0
15,15,15,540060200,"–§–ï–ô–ö–ò... 
 
–ß—Ç–æ-–±—ã –ª—é–¥–∏ –ø–æ–≤–µ—Ä–∏–ª–∏ –≤ –õ–û–ñ–¨, —Ç–µ—Ö–Ω–æ–ª–æ–≥–∏—è —Ç–∞–∫–∞—è, —á—Ç–æ –ª–æ–∂—å —Å–º–µ—à–∏–≤–∞—é—Ç —Å –ü–†–ê–í–î–û–ô. –ü—Ä–∞–≤–∏–ª—å–Ω–æ –≥–æ–≤–æ—Ä–∏—Ç—å —Å ""–ø—Ä–∞–≤–¥–æ–π"". 
 
–£—Ä–æ–≤–µ–Ω—å –ø—Ä–æ—Ñ–µ—Å—Å–∏–æ–Ω–∞–ª–∏–∑–º–∞ –≤ —ç—Ç–æ–º –¥–µ–ª–µ, —ç—Ç–æ –∫–æ–≥–¥–∞ –±–µ—Ä—É—Ç —á–∏—Å—Ç—É—é –ø—Ä–∞–≤–¥—É, ""—á–∏—Å—Ç—É—é –ø—Ä–∞–≤–¥—É"", –∏ –¥–æ–±–∞–≤–ª—è—é—Ç –ö–ê–ü–õ–Æ –ª–∂–∏. 
 
–ü–æ—á–µ–º—É ""—á–∏—Å—Ç–∞—è –ø—Ä–∞–≤–¥–∞"" –≤ –∫–∞–≤—ã—á–∫–∞—Ö? 
 
–í–°–Å –ß–¢–û –ù–ò –°–ö–ê–ñ–ï–¢ –ï–†–ï–¢–ò–ö –ï–°–¢–¨ –ï–†–ï–°–¨. —Å–∞—Ç–∞–Ω–∞ –∏–Ω–æ–≥–¥–∞ –ø—Ä–∏–Ω–∏–º–∞–µ—Ç –æ–±—Ä–∞–∑ –•—Ä–∏—Å—Ç–∞, —á—Ç–æ-–±—ã –æ–±–º–∞–Ω—É—Ç—å... 
 
–≠—Ç–æ —Ç–æ–Ω–∫–∞—è –≥—Ä–∞–Ω—å, –∫–æ—Ç–æ—Ä—É—é –Ω—É–∂–Ω–æ –í–ò–î–ï–¢–¨. 
 
–ö–æ–≥–¥–∞ –ª—é–¥–∏ –Ω–∞—á–∏–Ω–∞—é—Ç –ü–õ–û–¢–ù–û –≤–∏–¥–µ—Ç—å —Ç–æ–Ω–∫—É—é –≥—Ä–∞–Ω—å, —É —Å–∞—Ç–∞–Ω—ã —Å–ª—É—á–∞–µ—Ç—Å—è –ü–ê–ù–ò–ö–ê, —Å–∞—Ç–∞–Ω–∏—Å—Ç—ã –Ω–∞—á–∏–Ω–∞—é—Ç –ü–ê–ù–ò–ö–û–í–ê–¢–¨. 
 
–í–æ–æ–±—â–µ, –∏—É–¥–µ—è–º –ö–ê–ò–ù–ò–¢–ê–ú —Å–≤–æ–π—Å—Ç–≤–µ–Ω–Ω–∞ –ü–ê–ù–ò–ö–ê, –∏–±–æ –ö–∞–∏–Ω –æ–Ω –¢–†–Ø–°–£–©–ò–ô–°–Ø. 
 
–ß–µ–º –æ—Ç–ª–∏—á–∞–µ—Ç—Å—è —Å–µ–ª—å—Å–∫–∏–π –∂–∏—Ç–µ–ª—å –æ—Ç –≥–æ—Ä–æ–¥—Å–∫–æ–≥–æ? —Å–µ–ª—å—Å–∫–∏–π –∂–∏—Ç–µ–ª—å —Å–≤–∏–Ω—å—é —Ä–µ–∂–µ—Ç, –∫–∞–∫ –Ω–µ—á–µ–≥–æ –¥–µ–ª–∞—Ç—å, –≥–æ—Ä–æ–¥—Å–∫–æ–π –∂–∏—Ç–µ–ª—å –∫—É—Ä–∏—Ü–µ –≥–æ–ª–æ–≤—É –Ω–µ –º–æ–∂–µ—Ç –æ—Ç—Ä—É–±–∏—Ç—å... 
 
–ö–∞–∏–Ω—É –º–Ω–æ–≥–æ –Ω–µ –Ω—É–∂–Ω–æ, —á—Ç–æ-–±—ã –≤–ø–∞—Å—Ç—å –≤ –ü–ê–ù–ò–ö–£... 
 
–í–æ—Ç –∫–æ–≥–¥–∞ –ö–∞–∏–Ω–∏—Ç—ã –≤–ø–∞–¥–∞—é—Ç –≤ –ø–∞–Ω–∏–∫—É, –æ–Ω–∏ –Ω–∞—á–∏–Ω–∞—é—Ç –≤–µ—Å—Ç–∏ —Å–≤–æ—é –±–æ—Ä—å–±—É –Ω–µ—Ä–∞–∑–±–æ—Ä—á–∏–≤–æ. –≠—Ç–æ —É–∂–µ –Ω–µ –Æ–í–ï–õ–ò–†–ù–ê–Ø —Ä–∞–±–æ—Ç–∞, —ç—Ç–æ —É–∂–µ –∫—Ä–∏–∫ –æ—Ç—á–∞—è–Ω–∏—è. 
 
–í–Ω–∞—á–∞–ª–µ –í–†–ê–ù–¨–ï —Å—Ç–∞–Ω–æ–≤–∏—Ç—Å—è –ë–†–ï–î–û–ú, –ø–æ—Ç–æ–º —ç—Ç–æ—Ç –±—Ä–µ–¥ —É–∂–µ –Ω–∏–∫—Ç–æ –Ω–µ —Å–ª—É—à–∞–µ—Ç. –≠—Ç–æ –≤—Å–µ —Ä–∞–≤–Ω–æ —á—Ç–æ —Å–ª—É—à–∞—Ç—å —Å—É–º–∞—Å—à–µ–¥—à–µ–≥–æ... 
 
–ü–æ—Å–ª–µ –º–∏—Ä–æ–≤–æ–π —Ä–µ–≤–æ–ª—é—Ü–∏–∏ –≤—Å—è–∫–∞—è –Ω–æ–≤–æ—Å—Ç–Ω–∞—è —Å—Ç—Ä–∞–Ω–∏—Ü–∞ –í–°–ï–ì–î–ê –±—ã–ª–∞ –§–ï–ô–ö–û–ú. –ù–æ —Ç–∞–º –ø—Ä–æ—Å–ª–µ–∂–∏–≤–∞–ª–∞—Å—å –æ—Å–Ω–æ–≤–Ω–∞—è –ò–î–ï–Ø –∏—É–¥–µ–µ–≤ –∏ –∏—Ö –æ—Å–Ω–æ–≤–Ω–æ–π –î–ï–í–ò–ó. 
 
–î–µ–≤–∏–∑ –∑–∞—á–∏—Ç–∞–ª –ï–í–†–ï–ô –ì–µ–±–±–µ–ª—å—Å - –ß–µ–º –Ω–∞–≥–ª–µ–µ –ª–æ–∂—å , —Ç–µ–º –±–æ–ª—å—à–µ —à–∞–Ω—Å–æ–≤ —á—Ç–æ –≤ –Ω–µ–≥–æ –ø–æ–≤–µ—Ä—è—Ç. 
 
–ò–¥–µ—è –∑–∞–∫–ª—é—á–∞–µ—Ç—Å—è –≤ —Ç–æ–º, —á—Ç–æ –í–†–ê–¢–¨ –ù–ï –ù–£–ñ–ù–û! –≥–æ–≤–æ—Ä—è—Ç –∏—É–¥–µ–∏ —Å–∞–º–∏ –∑–∞ —Å–µ–±—è: 
 
–ú—ã –Ω–∏–∫–æ–≥–¥–∞ –Ω–µ –≤—Ä–µ–º, –º—ã –ø—Ä–æ—Å—Ç–æ —Å–æ–∑–¥–∞–µ–º —É—Å–ª–æ–≤–∏—è –¥–ª—è –Ω–µ–ø—Ä–∞–≤–∏–ª—å–Ω–æ–≥–æ –≤—ã–≤–æ–¥–∞... 
 
–ù–∞–≥–ª—É—é –ª–æ–∂—å —á–µ–ª–æ–≤–µ—á–µ—Å—Ç–≤–æ –ü–û–ö–ê –Ω–µ —Å–ª–æ–º–∞–ª–æ, –Ω–æ –Ω–∞ —Å—á–µ—Ç –£–°–õ–û–í–ò–ô –¥–ª—è –Ω–µ–ø—Ä–∞–≤–∏–ª—å–Ω–æ–≥–æ –≤—ã–≤–æ–¥–∞, —ç—Ç–æ –£–ñ–ï –°–õ–û–ú–ê–ù–û. 
 
–ü—Ä–∏—Ç–æ–º –°–õ–û–ú–ê–ù–û —ç—Ç–æ –±—ã–ª–æ –∑–∞ –∫–∞–∫–∏—Ö-—Ç–æ –ß–ï–¢–´–†–ï –ì–û–î–ê, 
 
–ü–æ—Å–º–æ—Ç—Ä–∏—Ç–µ –Ω–∞ –ò–ù–¢–ï–†–ù–ï–¢, —Ç–∞–º —É–∂–µ –Ω–µ—Ç –≤–æ–∑–º–æ–∂–Ω–æ—Å—Ç–∏ —á—Ç–æ-—Ç–æ –ø—Ä–æ–∫–æ–º–º–µ–Ω—Ç–∏—Ä–æ–≤–∞—Ç—å. –ü–æ—á–µ–º—É? –°–ò–°–¢–ï–ú–ê –°–õ–û–ú–ê–ù–ê... 
 
–ü–æ—Å–ª–µ–¥–Ω–∏–µ –§–ï–ô–ö–ò. 
 
–°–µ–π—á–∞—Å –º–æ–¥–Ω–æ –≤–µ–∑–¥–µ –ø–æ–∫–∞–∑—ã–≤–∞—Ç—å –≤ –Ω–æ–≤–æ—Å—Ç—è—Ö, –∫–∞–∫ —à–∫–æ–ª—å–Ω–∏–∫ –∫–æ–≥–æ-—Ç–æ –∑–∞—Å—Ç—Ä–µ–ª–∏–ª, —É—á–∏—Ç–µ–ª—å–Ω–∏—Ü–∞ —Å–æ–≤—Ä–∞—Ç–∏–ª–∞ —É—á–µ–Ω–∏–∫–∞, —Å–µ–∫—Å—É–∞–ª—å–Ω—ã–µ –¥–æ–º–æ–≥–∞—Ç–µ–ª—å—Å—Ç–≤–∞. –£–ú–ò–†–ê–Æ–©–ò–ï –õ–ï–ë–ï–î–ò –ü–ï–í–ò–¶–´. 
 
–≠—Ç–æ –æ—Å–Ω–æ–≤–Ω—ã–µ –Ω–æ–≤–æ—Å—Ç–Ω—ã–µ –Ω–∞–ø—Ä–∞–≤–ª–µ–Ω–∏—è... 
 
–í –ö—Ä–∏–≤–æ–º –†–æ–≥–µ —á–µ–ª–æ–≤–µ–∫ –≤–∑–æ—Ä–≤–∞–ª –≥—Ä–∞–Ω–∞—Ç—É –∏ —É–±–∏–ª –ü–û–õ–ò–¶–ï–ô–°–ö–ò–•. 
 
–ö–æ–≥–¥–∞ —Å–æ —Å—Ç–∞—Ä—Ç–∞ –Ω–∞–ø–∏—Å–∞–ª–∏, —á—Ç–æ —ç—Ç–æ –§–ï–ô–ö, –≤ –¥–æ–∫–∞–∑–∞—Ç–µ–ª—å—Å—Ç–≤–æ –ø—Ä–µ–¥–æ—Å—Ç–∞–≤–∏–ª–∏ –í–ò–î–ï–û –≤–∑—Ä—ã–≤–∞ –≥—Ä–∞–Ω–∞—Ç—ã. –≠—Ç–æ —á—Ç–æ-—Ç–æ –≤—Ä–æ–¥–µ –≤–∑—Ä—ã–≤–∞ –ì–ê–ó–ê, –ê –≥–∞–∑, –∫–∞–∫ –∏–∑–≤–µ—Å—Ç–Ω–æ, –ù–ï –í–ó–†–´–í–ê–ï–¢–°–Ø... 
 
–ù–ê –≤–∏–¥–µ–æ –≤–∏–¥–Ω–æ, —á—Ç–æ —ç—Ç–æ –±—ã–ª –≤–∑—Ä—ã–≤ –≤–∑—Ä—ã–≤–ø–∞–∫–µ—Ç–∞. –ö–∞–∫ —Ñ–∏–ª—å–º–µ –ö–û–ú–ê–ù–î–û–° —Å–æ –®–≤–∞—Ä—Ü–µ–º –ù–ï–≥–µ—Ä–æ–º... 
 
–ë–æ–µ–≤—ã–µ –ì–†–ê–ù–ê–¢–´, –æ–Ω–∏ –Ω–µ –≤–∑—Ä—ã–≤–∞—é—Ç—Å—è —Å –û–ì–ù–ï–ú. –ê –ø–æ—á–µ–º—É –≤ –∫–∏–Ω–æ –ø–æ–∫–∞–∑—ã–≤–∞—é—Ç, —á—Ç–æ –≤–∑—Ä—ã–≤–∞—é—Ç—Å—è —Å –æ–≥–Ω–µ–º? 
 
–ü–æ–∫–∞–∑—ã–≤–∞—é—Ç —Å —Ü–µ–ª—å—é, —á—Ç–æ–±—ã –±—ã–ª–æ –í–ò–î–ù–û –≤–∑—Ä—ã–≤. –ï—Å–ª–∏ –±—É–¥–µ—Ç –≤–∑—Ä—ã–≤ –ë–ï–ó –û–ì–ù–Ø, —Ç–æ –∑—Ä–∏—Ç–µ–ª—å –ù–ò–ß–ï–ì–û –ù–ï –ü–û–ô–ú–ï–¢. 
 
–ú–æ—à–µ–Ω–Ω–∏–∫–∏ –≤ –ö—Ä–∏–≤–æ–º –†–æ–≥—É –ø–æ—à–ª–∏ –ø–æ –ø—Ä–∏–Ω—Ü–∏–ø—É –ö–ò–ù–ï–ú–ê–¢–û–ì–†–ê–§–ê. –í–∑–æ—Ä–≤–∞–ª–∏ –≤–∑—Ä—ã–≤ –ø–∞–∫–µ—Ç, –∑–∞—Å–Ω—è–ª–∏ –µ–≥–æ —Å –ø–∞—Ä–∞–¥–Ω—è–∫–∞. 
 
–°—Ç–µ–∫–ª–∞ –Ω–µ –≤—ã–ø–∞–ª–∏, –Ω–∞ —Å–ø–µ—Ü–µ—Ñ–µ–∫—Ç–∞—Ö –°–≠–ö–û–ù–û–ú–ò–õ–ò... 
 
–ó–∞—Ç–æ —Ä–∞—Å—Ç—Ä—É–±–∏–ª–∏ –Ω–∞ –≤–µ—Å—å –ú–∏—Ä, —á—Ç–æ –¥–µ—Å–∫–∞—Ç—å –≤ –£–∫—Ä–∞–∏–Ω–µ –∫–æ–≥–æ-—Ç–æ –≤–∑—Ä—ã–≤–∞—é—Ç. –¢–∏–ø–∞ –ø–∏—â–∞ –¥–ª—è –º–æ–∑–≥–æ–≤. 
 
–í—Å–µ–≥–¥–∞ –¥–∞–≤–∞–ª –º–æ—à–µ–Ω–Ω–∏–∫–∞–º –¥–µ–ª—å–Ω—ã–µ –±–µ—Å–ø–ª–∞—Ç–Ω—ã–µ —Å–æ–≤–µ—Ç—ã, –Ω–æ –æ–Ω–∏ –∫–∞–∫-–±—ã –Ω–µ —Å–∏–ª—å–Ω–æ –±–ª–∞–≥–æ–¥–∞—Ä–Ω—ã–µ. 
 
–ë—ã–ª —Ç–∞–∫–æ–π –ú–û–®–ï–ù–ù–ò–ö –ë–∞–±—á–µ–Ω–∫–æ. –ï–º—É —Ç–∞–º –ø—Ä–æ—Å—Ç—Ä–µ–ª–∏–ª–∏ –ª—ë–≥–∫–∏–µ –∏ —Å–µ—Ä–¥—Ü–µ, —è –µ–≥–æ –í–û–°–ö–†–ï–°–ò–õ. 
 
–ë–∞–±—á–µ–Ω–∫–æ —Å–∞–º –≤ –∏–Ω—Ç–µ—Ä–≤—å—é –≥–æ–≤–æ—Ä–∏–ª, —á—Ç–æ –±—ã–ª –Ω–∞ —Ç–æ–º —Å–µ—Ç–µ, –ø–æ—Ç–æ–º —É—Å–ª—ã—à–∞–ª –≥–æ–ª–æ—Å –ú–µ—Ç–∞–ø—É–∑–µ–Ω–∫–æ - –í–°–¢–ê–ù–¨ –ü–ò–î–ê–†–ê–°! –∏ –•–û–î–ò! 
 
–ü–æ—Å–ª–µ —ç—Ç–æ–≥–æ –¥–µ–ª–∞ –ë–∞–±—á–µ–Ω–∫–æ –≤–æ—Å–∫—Ä–µ—Å, –Ω–æ –ú–µ—Ç–∞–ø—É–∑–µ–Ω–∫–æ –Ω–µ –æ—Ç–±–ª–∞–≥–æ–¥–∞—Ä–∏–ª. 
 
–ú–æ–≥-–±—ã –ø—Ä–∏–Ω–µ—Å—Ç–∏ –±—É—Ç—ã–ª–∫—É –≤–æ–¥–∫–∏ –∏ —à–º–∞—Ç —Å–∞–ª–∞. –°–∫–∞–∑–∞—Ç—å –°–ü–ê–°–ò–ë–û –î–Ø–î–Ø –°–ê–®–ê... 
 
–ù—É –∏ —Ö—É–π —Å –Ω–∏–º, –ú–µ—Ç–∞–ø—É–∑–µ–Ω–∫–æ —Ç–≤–æ—Ä–∏—Ç –¥–æ–±—Ä–æ –±–µ—Å–ø–ª–∞—Ç–Ω–æ.. 
 
–ù–µ–¥–∞–≤–Ω—è—è —Å–∏—Ç—É–∞—Ü–∏—è: 
 
–ü–æ—Å–æ–≤–µ—Ç–æ–≤–∞–ª —É–º–∏—Ä–∞—é—â–µ–π –ø–µ–≤–∏—Ü–µ –º–∞–∫—Å–∏–º, —á—Ç–æ-–±—ã –µ–π –ó–∞–≤–æ—Ä–æ—Ç–Ω—é–∫ –ø–∏–∑–¥—É –æ—Ç–ª–∏–∑–∞–ª–∞, –ø–æ–º–æ–∂–µ—Ç. 
 
–°—Ä–∞–∑—É –ø–µ–≤–∏—Ü–µ –ú–∞–∫—Å–∏–º —Å–¥–µ–ª–∞–ª–æ—Å—å –ª—É—á—à–µ, –ª–µ–≥–∫–∏–µ —Å –ø–æ—Ä–∞–∂–µ–Ω–∏–µ–º 120% —Å—Ç–∞–ª–∏ –∑–¥–æ—Ä–æ–≤—ã–º–∏, –∏ —Ç–µ–ø–µ—Ä—å –æ–Ω–∞ —É–ª—ã–±–∞–µ—Ç—Å—è –∏ —Å–æ–≤—Å–µ–º –∑–¥–æ—Ä–æ–≤–∞—è. 
 
–°–∫–∞–∑–∞–ª–∞ —á—Ç–æ –±–ª–∞–≥–æ–¥–∞—Ä–Ω–∞ –≤—Å–µ–º —Å–≤–æ–∏–º –§–ê–ù–ê–¢–ê–ú. 
 
–í–æ—Ç –Ω–µ–±–ª–∞–≥–æ–¥–∞—Ä–Ω–∞—è –ë–õ–Ø–î–¨. –Ø –ª–∏—á–Ω–æ –Ω–∏ –æ–¥–Ω–æ–π –µ—ë –ø–µ—Å–Ω–∏ –Ω–µ —Å–ª—É—à–∞–ª, –∞ –ø–æ—Å–æ–≤–µ—Ç–æ–≤–∞–ª —á–∏—Å—Ç–æ –∏–∑ –º–∏–ª–æ—Å–µ—Ä–¥–∏—è. 
 
–ò –≤–º–µ—Å—Ç–æ —Ç–æ–≥–æ, —á—Ç–æ-–±—ã –ø–æ–±–ª–∞–≥–æ–¥–∞—Ä–∏—Ç—å –¥—è–¥—é –°–∞—à—É, –æ–Ω–∞ –±–ª–∞–≥–æ–¥–∞—Ä–∏—Ç –∫–∞–∫–∏—Ö-—Ç–æ —Ñ–∞–Ω–∞—Ç–æ–≤. 
 
–ß—Ç–æ —Å –Ω–∏–º–∏ –¥–µ–ª–∞—Ç—å, —á—Ç–æ –Ω–µ –¥–µ–ª–∞–π, –Ω–∏–∫–∞–∫–æ–π –±–ª–∞–≥–æ–¥–∞—Ä–Ω–æ—Å—Ç–∏. 
 
–ë–ª–∞–≥–æ —á—Ç–æ –∏–∑–±–∞–≤–∏–ª–∏—Å—å –æ—Ç —ç—Ç–æ–π –ë–õ–Ø–î–ò, –∫–æ—Ç–æ—Ä–∞—è —É–º–∏—Ä–∞–ª–∞ –∫–∞–∂–¥—ã–π –¥–µ–Ω—å –Ω–∞ –ø—Ä–æ—Ç—è–∂–µ–Ω–∏–∏ –≥–æ–¥–∞... 
 
–¢–µ–ø–µ—Ä—å –æ–Ω–∞ –∑–¥–æ—Ä–æ–≤–∞—è –ø—Ä–∞–≤–¥–∞ –Ω–µ –≤ —É–º—Å—Ç–≤–µ–Ω–Ω–æ–º –ø–ª–∞–Ω–µ... 
 
–¢–æ–ª—å–∫–æ –Ω–∞ –≤—Å—é –≥–æ–ª–æ–≤—É —ë–±–Ω—É—Ç—ã–π —á–µ–ª–æ–≤–µ–∫ –º–æ–∂–µ—Ç —Å–µ–±–µ –ø—Ä–∏–ø–∏—Å—ã–≤–∞—Ç—å —Å—Ç—Ä–∞—à–Ω—ã–µ –±–æ–ª–µ–∑–Ω–∏. 
 
–ü—Ä–∏ —Ç–∞–∫–∏—Ö —Ä–∞—Å–∫–ª–∞–¥–∞—Ö, —Å—Ç—Ä–∞—à–Ω–∞—è –±–æ–ª–µ–∑–Ω—å –º–æ–∂–µ—Ç –∏ –ø—Ä–∏–ª–∏–ø–Ω—É—Ç—å. 
 
–í –∏—Å—Ç–æ—Ä–∏–∏ —Ç–∞–∫–∏—Ö —Å–ª—É—á–∞–µ–≤ –±—ã–ª–æ –º–Ω–æ–≥–æ... 
 
–§–µ–π–∫–∏ –±—É–¥—É—Ç –ø—Ä–æ–¥–æ–ª–∂–∞—Ç—å—Å—è, –ø–æ–∫–∞ –±—É–¥–µ—Ç –ø—Ä–∏ –≤–ª–∞—Å—Ç–∏ –ï–í–†–ï–ô–°–ö–û–ï –ü–†–ê–í–ò–¢–ï–õ–¨–°–¢–í–û. –¢–æ–ª—å–∫–æ –æ–Ω–∏ –∏—Å—á–µ–∑–Ω—É—Ç, –∏—Å—á–µ–∑–Ω–µ—Ç —Å –Ω–∏–º–∏ –≤—Å—è–∫–∞—è –ï–†–ï–°–¨, –í–†–ê–ù–¨–Å –∏ –≤—Å—è–∫–∞—è –ª–æ–∂—å. 
 
–ì–ª–∞–≤–Ω–æ–µ –≤ —ç—Ç–æ–º –¥–µ–ª–µ, —á—Ç–æ –ú–∏—Ä –≤—Å—Ç—É–ø–∏–ª —É–∂–µ –Ω–∞ —Ç–≤–µ—Ä–¥—É—é –ø–æ—á–≤—É. 
 
–°–µ–π—á–∞—Å –≤—Ä–µ–º—è –∫–∞–∫ –≤ –Ω–∞—á–∞–ª–µ –î–í–ê–î–¶–ê–¢–û–ì–û –í–ï–ö–ê, –≠—Ç–æ –∫–æ–≥–¥–∞ —Ä–µ–≤–æ–ª—é—Ü–∏—è –ú–ò–†–û–í–ê–Ø –ø–æ–±–µ–¥–∏–ª–∞, –∞ –≤–ª–∞—Å—Ç—å –±—ã–ª–∞ –≤ —Ä—É–∫–∞—Ö —Ç–µ—Ö –ª—é–¥–µ–π –∫–æ—Ç–æ—Ä—ã–µ –æ—Ç –ë–û–ì–ê. 
 
–°–µ–π—á–∞—Å –≤—Å–µ –≤ —Ç–æ—á–Ω–æ—Å—Ç–∏ –Ω–∞–æ–±–æ—Ä–æ—Ç. 
 
–°–µ–π—á–∞—Å –≤–ª–∞—Å—Ç—å —É–∂–µ –æ—Ç –ë–û–ì–ê, –Ω–æ –ø—Ä–∞–≤—è—Ç –ª—é–¥–∏ –∫–æ—Ç–æ—Ä—ã–µ –æ—Ç —Å–∞—Ç–∞–Ω—ã. 
 
–î–æ–ª–≥–æ —ç—Ç–æ –ø—Ä–æ–¥–æ–ª–∂–∞—Ç—å—Å—è –Ω–µ –±—É–¥–µ—Ç. 
 
–ü–µ—Ä–µ—Ö–æ–¥–Ω—ã–π –ø–µ—Ä–∏–æ–¥ –Ω–µ –±–æ–ª–µ–µ –î–ï–°–Ø–¢–ò –õ–ï–¢.",post,post,1,11358296,1.2.1940,2,–±–ª–∞–≥–æ,,,,,,,,,,,,,,2
16,16,16,546316984,"–∞–¥–º–∏–Ω –±–ª–∞–≥–æ–¥–∞—Ä—é –∑–∞ –ø–æ—Å–ª–µ–¥–Ω—é—é –ø–∏–∫—á—É, —è –Ω–µ –∑–Ω–∞–ª –∫–∞–∫ —Ä–µ–∞–≥–∏—Ä–æ–≤–∞—Ç—å",post,post,1,11356698,21.10.1919,2,–±–ª–∞–≥–æ,,,,,,,,,,,,,,1
17,17,17,379214688,"–ù–∞—Ä–∫–æ–º–∞–Ω–∏—è –∫–∞–∫–∞—è-—Ç–æ. –Ø –≤—Å–µ–≥–¥–∞ –±–ª–∞–≥–æ–¥–∞—Ä—é —Ç–µ—Ö, –∫—Ç–æ –ø—Ä–æ–ø—É—Å–∫–∞–µ—Ç.",post,post,1,11354334,,1,–±–ª–∞–≥–æ,,,,,,,,,,,,,,1
18,18,18,99662913,"–¢–æ —á—É–≤—Å—Ç–≤–æ, –∫–æ–≥–¥–∞ –Ω–µ –≤–∏–¥–µ–ª –æ—Ñ –í–ö —É–∂–µ —Ç–∞–∫ –≥–æ–¥–∞ 3üôÇ —Å–ø—Å –º–æ–¥—ã",post,post,1,11353916,3.11.1993,2,—Å–ø—Å,1.0,,"29,7",2.0,,,,,,,,,,1
19,19,19,126117169,–î–µ–¥—É—à–∫–∞ –≤–∏–¥–∏–º–æ  –¥–æ –≥—Ä–æ–±–∞ –µ–º—É –±–ª–∞–≥–æ–¥–∞—Ä–µ–Ω,post,post,1,11342729,19.8.1996,2,–±–ª–∞–≥–æ,1.0,,"26,9",2.0,,,,,,,,,,1
20,20,20,19099570,–°–ø—Å –∫–∞—Ä—Ç–µ —Ö–∞–ª–≤–∞,post,post,1,11342136,5.10,2,—Å–ø—Å,,,,,,,,,,,,,,2
21,21,21,1060555,–ë–ª–∞–≥–æ–¥–∞—Ä—é,post,post,1,11340086,29.11,2,–±–ª–∞–≥–æ,,,,,,,,,,,,,,0
22,22,22,279999214,"–ù–æ–≤–æ—Å—Ç—å –¥–Ω—è. –°–ø—Å –∑–∞ –º–µ–º, –∫—Å—Ç–≤",post,post,1,11329778,4.5.2002,2,—Å–ø—Å,1.0,,"21,2",2.0,,,,,,,,,,0
23,23,23,481004959,"–æ—á–µ—Ä–µ–¥–Ω—ã–µ –∞–≤—Ç–æ–∏–º–±–∏—Ü–∏–ª—ã –∫–∞–∫–∏—Ö –∫—É—á–∞, —Å–ø—Å –æ–¥–º–µ–Ω",post,post,1,11327639,,2,—Å–ø—Å,,,,,,,,,,,,,,2
24,24,24,136070866,"–°–ø—Å –ë–û–†–®, –±–ª–∞–≥–æ–¥–∞—Ä—è –í–∞–º —è –Ω–∞—à–µ–ª *—ç—Ç–æ–º—É* –ø—Ä–∏–º–µ–Ω–µ–Ω–∏–µ",post,post,1,11318726,17.8,2,—Å–ø—Å,,,,,,,,,,,,,,1
25,25,25,487770509,"–ë–ª–∞–≥–æ–¥–∞—Ä—é –∑–∞ —Å—Ç–æ–ª—å –ø–æ–ª–µ–∑–Ω—ã–µ —Å–æ–≤–µ—Ç—ã, –æ—á–µ–Ω—å –º–Ω–æ–≥–æ–µ —É–∂–µ —É—Å–ø–µ–ª–∞ –æ—Ç –≤–∞—Å –ø–æ—á–µ—Ä–ø–Ω—É—Ç—å, –≤—Å–µ–≥–¥–∞ –∏–Ω—Ç–µ—Ä–µ—Å–Ω–æ)",post,post,1,11225326,1.1.1969,2,–±–ª–∞–≥–æ,1.0,,"54,5",3.0,,,,,,,,,,1
26,26,26,274427798,"–ë–ª–∞–≥–æ–¥–∞—Ä—é –∑–∞ —Å—Ç–æ–ª—å –ø–æ–ª–µ–∑–Ω—ã–µ —Å–æ–≤–µ—Ç—ã, –±—É–¥—É –∏—Ö –ø—Ä–∏–º–µ–Ω—è—Ç—å!!‚ù§Ô∏è –í–∞—Å –ø–æ—á–∏—Ç–∞—Ç—å - –∏—Å—Ç–∏–Ω–Ω–æ–µ —É–¥–æ–≤–æ–ª—å—Å—Ç–≤–∏–µ))",post,post,1,11225326,22.12.1983,1,–±–ª–∞–≥–æ,1.0,,"39,5",3.0,,,,,,,,,,1
27,27,27,615495022,"–ü–∏3–¥–µ–µ–µ—Ü. –í –≥–æ–ª–æ—Å))) –°–ø—Å –∞–¥–º–∏–Ω, —Ç—ã –∞–ø–Ω—É–ª –º–æ–µ –Ω–∞—Å—Ç—Ä–æ–µ–Ω–∏–µü§úü§õüòπüòπüòπüòπ",post,post,1,11219381,6.3,2,—Å–ø—Å,,,,,,,,,,,,,,1
28,28,28,211387138,–°–ø—Å,post,post,1,11160729,9.5.1989,2,—Å–ø—Å,1.0,,"34,1",3.0,,,,,,,,,,0
29,29,29,63815083,"–•–æ—Ä–æ—à–æ, —á—Ç–æ –º—É–∂—á–∏–Ω—ã –æ–∫–∞–∑–∞–ª–∏—Å—å —Ä—è–¥–æ–º. –ñ–µ–Ω—â–∏–Ω—ã —Ç–∞–∫–æ–µ –Ω–µ –æ—Å–∏–ª—è—Ç. –ï—Å–ª–∏ –ø—å—è–Ω—ã–π –±–∞—Ç—è —ç—Ç–∏—Ö –¥–µ—Ç–µ–π –Ω–µ —Å–æ–≤—Å–µ–º –¥—É—Ä–∞–∫, –±—É–¥–µ—Ç –±–ª–∞–≥–æ–¥–∞—Ä–µ–Ω –∑–∞ –∫–∞–∂–¥—ã–π —É–¥–∞—Ä, –∫–æ—Ç–æ—Ä—ã–π –µ–º—É –ø—Ä–æ–ø–∏—Å–∞–ª–∏ —Å–æ—Å–µ–¥–∏.",post,post,1,11153128,,2,–±–ª–∞–≥–æ,,,,,,,,,,,,,,2
30,30,30,248915730,–°–ø—Å –∑–∞ –º–µ–º,post,post,1,11136042,8.11.2003,2,—Å–ø—Å,1.0,,"19,6",2.0,,,,,,,,,,0
31,31,31,634737495,"–ñ–∏–∑–∞! –¢–∞–∫ —É–∫—Ä–æ–∏–Ω–∞ –∏ –≤—ã—Ä–æ–¥–∏–ª–∞—Å—å –Ω–∞–ø—Ä–æ—á—å!
–°–ø—Å —É–∫—Ä–æ–∏–Ω—å—Å–∫–æ–º—É –æ–¥–º–∏–Ω—É, —á—Ç–æ –ø–æ–¥–Ω—è–ª —ç—Ç—É –∂–∏–≤–æ—Ç—Ä–µ–ø–µ—â—É—â—É—é —Ç–µ–º—É, –ø–ª–∞—á—É –Ω–∞–≤–∑—Ä—ã–¥!",post,post,1,11111806,1.1.1985,2,—Å–ø—Å,1.0,,"38,5",3.0,,,,,,,,,,2
32,32,32,591444686,"–î–æ–±—Ä–æ—Å–≤–µ—Ç-–¥—É—à–∞, –∂–µ–º—á—É–∂–∏–Ω–∞ –≤ –æ–∂–µ—Ä–µ–ª—å–µ –í—ã—Å—à–µ–≥–æ –û—Ç—Ü–∞, –ú–∞—è–∫ –±–æ–∂–µ—Å—Ç–≤–µ–Ω–Ω–æ–≥–æ —Å–≤–µ—Ç–∞ –¥–æ–±—Ä–æ–¥–µ—Ç–µ–ª–∏, –ø—Ä–∏–º–∏—Ç–µ –≤ –¥–∞—Ä –∞—Ä–æ–º–∞—Ç –±—É–∫–µ—Ç–∞ —á–∏—Å—Ç—ã—Ö —á—É–≤—Å—Ç–≤ –∏ –¥–æ–±—Ä—ã—Ö –ø–æ–∂–µ–ª–∞–Ω–∏–π –æ—Ç –ª–æ–¥–∫–∏-–¥—É—à–∏ —Å—Ç—Ä–∞–Ω—Å—Ç–≤—É—é—â–µ–π –ø–æ –≤–æ–ª–Ω–∞–º –æ–∫–µ–∞–Ω–∞ –∂–∏–∑–Ω–∏, –∏ –∑–∞–±—Ä–æ—à–µ–Ω–Ω–æ–π –≤–µ—Ç—Ä–∞–º–∏ —Å—É–¥—å–±—ã –Ω–∞ —Å–∫–∞–ª—ã —É –±—Ä–µ–≥–æ–≤ –¥–æ—Å—Ç–æ—Å–ª–∞–≤–Ω–æ–≥–æ –ì—Ä–∞–¥–∞ N, –∏ —Å–ø–∞—Å—ë–Ω–Ω–æ–π –º–µ—Ä—Ü–∞—é—â–∏–º —Å–∏—è–Ω–∏–µ–º –í–∞—à–µ–≥–æ –ú–∞—è–∫–∞ –ù–∞–¥–µ–∂–¥—ã. –í –∑–Ω–∞–∫ –ø—Ä–∏–∑–Ω–∞—Ç–µ–ª—å–Ω–æ—Å—Ç–∏ –∑–∞ –ø—Ä–æ—Ç—è–Ω—É—Ç—É—é —Ä—É–∫—É —Å–≤–µ—Ç–∞ –∏ –¥—Ä—É–∂–±—ã –æ—Å—ã–ø–∞—é –í–∞—à—É –°–≤–µ—Ç–ª–æ—Å—Ç—å –ª–µ–ø–µ—Å—Ç–∫–∞–º–∏ —Ä–æ–∑ –º–æ–µ–π —Å–µ—Ä–¥–µ—á–Ω–æ–π –±–ª–∞–≥–æ–¥–∞—Ä–Ω–æ—Å—Ç–∏. 
–ù–µ —Å–º–µ—é –Ω–∞–¥–µ—è—Ç—å—Å—è –Ω–∞ —Å–Ω–∏—Å—Ö–æ–∂–¥–µ–Ω–∏–µ –∏ –≤–Ω–∏–º–∞–Ω–∏–µ –∫ –º–æ–µ–π —Å–ª—É—á–∞–π–Ω–æ–π –ø–µ—Ä—Å–æ–Ω–µ –≤–¥—Ä—É–≥ –≤–æ–∑–Ω–∏–∫—à–µ–π –∏–∑ –Ω–∏–æ—Ç–∫—É–¥–∞. –ù–æ –≤—Å—ë –∂–µ –æ—Å—Ç–∞–≤–ª—è—é –º–µ—Å—Ç–æ –±–æ–∂–µ—Å—Ç–≤–µ–Ω–Ω–æ–º—É –ø—Ä–æ–≤–∏[–µ]–¥–µ–Ω–∏—é –∏ —á—É–¥—É —Ä–∞—Å—Å–º–æ—Ç—Ä–µ–Ω–∏—è –í–∞–º–∏ –º–æ–µ–π –ø—Ä–æ—Å—å–±—ã –Ω–∞ –∞—É–¥–∏–µ–Ω—Ü–∏—é, –ø—É—Å—Ç—å –≤ —á–∞—Ç–µ –∏–ª–∏ –æ–Ω–ª–∞–π–Ω –∏–ª–∏ ""–¥—É—à–∞ –≤ –¥—É—à—É, –≥–ª–∞–∑–∞ –≤ –≥–ª–∞–∑–∞"" –ø–æ–∫–∞ —è –∑–¥–µ—Å—å –µ—â—ë. –ê —Å—É—Ç—å –∑–∞–ø—Ä–æ—Å–∞: –º–Ω–µ —Ö–æ—á–µ—Ç—Å—è –¥–µ–ª–∏—Ç—å—Å—è –æ–±—Ä–µ—Ç—ë–Ω–Ω—ã–º –±–æ–≥–∞—Ç—Å—Ç–≤–æ–º –ø—Ä–∞–∫—Ç–∏—á–µ—Å–∫–æ–≥–æ –æ–ø—ã—Ç–∞ –Ω–∞ –æ—Å–Ω–æ–≤–µ —É–Ω–∏–∫–∞–ª—å–Ω–µ–π—à–µ–≥–æ –ó–Ω–∞–Ω–∏—è –æ–± –£–Ω–∏–≤–µ—Ä—Å—É–º–µ. 
–î–ª—è –Ω–∞–≥–ª—è–¥–Ω–æ—Å—Ç–∏, –ø—Ä–∏–≤–µ–¥—É –Ω–µ—Å–∫–æ–ª—å–∫–æ –∞—Å–ø–µ–∫—Ç–æ–≤ –∏ —Ç–µ–º –∏–∑ –ø—Ä–µ–¥–ª–∞–≥–∞–µ–º–æ–≥–æ –∑–Ω–∞–Ω–∏—è. –í–æ—Ç –ø–µ—Ä–≤—ã–π –∏ —Ñ—É–Ω–¥–∞–º–µ–Ω—Ç–∞–ª—å–Ω—ã–π, —Å –∫–æ–µ–≥–æ –∏ –±—É–¥–µ—Ç –ø—Ä–µ–¥–ª–æ–∂–µ–Ω–æ –Ω–∞—á–∞—Ç—å –≤—Å—Ç—Ä–µ—á—É-–±–µ—Å–µ–¥—É: ""–ö–¢–û –Ø?"" –ó–¥–µ—Å—å –ø–æ–π–¥—ë—Ç —Ä–µ—á—å –æ —Ç–æ—á–Ω–æ–º –∫–æ–Ω–∫—Ä–µ—Ç–Ω–æ–º –ø—Ä–µ–¥—Å—Ç–∞–≤–ª–µ–Ω–∏–∏ –æ –¥—É—à–µ, –≤–ø–ª–æ—Ç—å –¥–æ —Ñ–æ—Ä–º—ã –∏ —Ä–∞–∑–º–µ—Ä–∞, –∞ —Ç–∞–∫ –∂–µ –æ—Ç–∫—É–¥–∞ –ø—Ä–∏—Ö–æ–¥–∏–º (–≥–¥–µ –¥–æ–º –¥—É—à?), –∫–æ–≥–¥–∞ –æ–±—Ä–∞—Ç–Ω–æ, —á—å–∏ –º—ã, –∫–∞–∫–æ–≤ –û–Ω –û—Ç–µ—Ü, –∫–∞–∫ –∏–∑–º–µ–Ω–∏—Ç—å –≤—Ä–µ–¥–Ω—ã–µ –ø—Ä–∏–≤—ã—á–∫–∏, –∫–∞–∫ –Ω–∞–∫–æ–ø–∏—Ç—å —Å–∏–ª—É –∏–Ω—Ç–µ–ª–ª–µ–∫—Ç—É, –∫–∞–∫–∏–µ –º—ã –∏–∑–Ω–∞—á–∞–ª—å–Ω–æ, –¥–æ –¥–µ–≥—Ä–∞–¥–∞—Ü–∏–∏, –∫–∞–∫–∏–º –∑–∞–∫–æ–Ω–∞–º –≤—Å—ë —ç—Ç–æ –¥–≤–∏–∂–µ–Ω–∏–µ –∏—Å—Ç–æ—Ä–∏–∏ —á–µ–ª–æ–≤–µ—á–µ—Å—Ç–≤–∞ –ø–æ–¥—á–∏–Ω—è–µ—Ç—Å—è, —á—Ç–æ —Ç–∞–∫–æ–µ –∑–∞–∫–æ–Ω –∫–∞—Ä–º—ã, –∫–∞–∫–æ–≤–∞ —Ä–æ–ª—å –æ—Ç—Ü–æ–≤-–æ—Å–Ω–æ–≤–∞—Ç–µ–ª–µ–π –∫–∞–∂–¥–æ–π –∏–∑ 4 –æ—Å–Ω–æ–≤–Ω—ã—Ö –≤–µ—Ç–≤–µ–π –Ω–∞ –¥—Ä–µ–≤–µ –º–∏—Ä–æ–≤—ã—Ö —Ä–µ–ª–∏–≥–∏–π, —á—Ç–æ –∏–∑ —Å–µ–±—è –ø—Ä–µ–¥—Å—Ç–∞–≤–ª—è–µ—Ç –≤—Ä–µ–º—è (–ø—Ä—è–º–∞—è, —Å–ø–∏—Ä–∞–ª—å –∏–ª–∏ –∫—Ä—É–≥-—Ü–∏–∫–ª)... –∏ –µ—â—ë –º–Ω–æ–≥–æ –¥—Ä—É–≥–æ–≥–æ –ø—Ä–µ–¥–º–µ—Ç–Ω–æ–≥–æ –¥–µ—Ç–∞–ª—å–Ω–æ-—Ä–∞–∑–æ–±—Ä–∞–Ω–Ω–æ–≥–æ —Ç–µ–æ—Ä–µ—Ç–∏—á–µ—Å–∫–æ–≥–æ –º–∞—Ç–µ—Ä–∏–∞–ª–∞. –ü—Ä–æ—Å—Ç–∏—Ç–µ –∑–∞ –Ω–µ–æ–∂–∏–¥–∞–Ω–Ω—É—é –≤–æ–ª–Ω—É, –∏ –±—É–¥—É –∂–¥–∞—Ç—å –≤–µ—Ä–¥–∏–∫—Ç–∞-—Å–æ–≥–ª–∞—Å–∏—è –æ –≤–æ—Å—Ç—Ä–µ–±–æ–≤–∞–Ω–Ω–æ—Å—Ç–∏ –≤ –í–∞—à–µ–π –ø—Ä–µ—Ñ–µ–∫—Ç—É—Ä–µ –¥–∞–Ω–Ω–æ–≥–æ –æ–±—Ä–∞–∑–æ–≤–∞–Ω–∏—è. 
  –ú–∏—Ä–æ–ø–æ–∫–æ—è –¥—É—à–µ. –û—Ç–Ω—ã–Ω–µ –∏ –ø—Ä–∏—Å–Ω–æ –í–∞—à –≤–µ—Ä–Ω–æ–ø–æ–¥–¥–∞–Ω—ã–π –∏ –ø–æ–∫–æ—Ä–Ω—ã–π —Å–ª—É–≥–∞. 
–†s. –°–≤–µ—Ç-–¥—É—à–∞, –Ω–∏—Å–∫–æ–ª—å–∫–æ –Ω–µ —Ö–æ—á—É –ª–∏—à–Ω–∏–º–∏ –∑–∞–±–æ—Ç–∞–º–∏ –í–∞—Å –ø–µ—Ä–µ–≥—Ä—É–∂–∞—Ç—å, –ø–æ—Ç–æ–º—É –±–ª–∞–≥–æ–¥–∞—Ä–µ–Ω –µ—Å—Ç—å –∏ –±—É–¥—É –ø—Ä–∏ –ª—é–±–æ–º –∏—Å—Ö–æ–¥–µ... –Ω–æ –∂–∞–∂–¥—É –≤–∑–∞–∏–º–æ–∏–Ω–∏—Ü–∏–∏—Ä–æ–≤–∞–Ω–Ω–æ–π –∫–æ–Ω—Å—Ç—Ä—É–∫—Ç–∏–≤–Ω–æ–π –ø–ª–æ–¥–æ—Ç–≤–æ—Ä–Ω–æ–π –≤—Å—Ç—Ä–µ—á–∏ —Å –º—É–¥—Ä–æ–π, —Å–ª–∞–¥–∫–æ–π –¥—É—à–æ–π, –µ—Å–ª–∏, –∫–æ–Ω–µ—á–Ω–æ –∂–µ, –í–∞—Å –∑–∞–∏–Ω—Ç–µ—Ä–µ—Å–æ–≤–∞–ª–∏ –≤—ã—à–µ –æ–∑–≤—É—á–µ–Ω–Ω—ã–µ —Ç–µ–º—ã...",post,post,1,11108587,27.11.1998,2,–±–ª–∞–≥–æ,1.0,,"24,6",2.0,,,,,,,,,,0
33,33,33,319418314,–ü–∞—Å–µ–±–æ –∞–¥–º–µ–Ω –ø–∞–±–ª–µ–∫–∞ —à—Ç–æ –Ω–∞—Ä–µ–∑–∞–ª 1 –∫–∞—Ä—Ç–∏–Ω–∫—É –Ω–∞ 2,post,post,1,11104966,,2,–ø–∞—Å–∏–±–æ,,,,,,,,,,,,,,0
34,34,34,132399117,"–£ –º–µ–Ω—è –∞–Ω–¥—Ä–æ–∏–¥ –∏ —á—Ç–æ –≤—ã –º–µ–Ω—è –≤–∏–¥–∏—Ç–µ –≤ –≤–∏–¥–µ –±—ã–¥–ª—ã ,–Ω—É  —Å–ø—Å –ª—è",post,post,1,11022911,29.12,2,—Å–ø—Å,,,,,,,,,,,,,,2
35,35,35,641611371,–ê –ø–∞—Å–µ–±–∞,post,post,1,11010528,17.11.2000,1,–ø–∞—Å–∏–±–æ,1.0,,"22,6",2.0,,,,,,,,,,2
36,36,36,139878558,"–ï—Å—Ç—å –ø–µ—à–∏–π —Ç—É—Ä, —Ç–∞–∫ —á—Ç–æ –±—É–¥—å –±–ª–∞–≥–æ–¥–∞—Ä–µ–Ω",post,post,1,10993990,18.12.1993,2,–±–ª–∞–≥–æ,1.0,,"29,5",2.0,,,,,,,,,,0
37,37,37,132399117,–ú–Ω–µ —à—è –Ω–∞ ‚ù§—Ç–∞–∫ —Ö–æ—Ä–æ—à–æ —Å—Ç–∞–ª–æ —Å–ø—Å,post,post,1,10962924,29.12,2,—Å–ø—Å,,,,,,,,,,,,,,1
38,38,38,252047247,"–ú–Ω–µ –∫–∞–∫ —Ç–æ –ø—Ä–µ–¥–ª–æ–∂–∏–ª–∏ —Ä–∞—Å—Ç–∏—Ç–µ–ª—å–Ω—ã–º –º–∞—Å–ª–æ–º –∑–∞–ø–æ—Ä –ø—Ä–æ–±–∏—Ç—å,–ø—Ä–æ–±–∏–ª ***** —Å–≤–æ–µ –ª–∏—Ü–æ,–≥–æ—Ä–ª–æ,–∞ –∂–æ–ø—É –Ω–µ –ø—Ä–æ–±–∏–ª–æ
–í–∏–∂—É –º–∞—Å–ª–æ —Ç–µ–ø–µ—Ä—å –∫–∞–∫ –∏—Ç–æ–≥-–∏–¥—É –±–ª–µ–≤–∞—Ç—å, —Å–ø—Å",post,post,1,10938854,23.11,2,—Å–ø—Å,,,,,,,,,,,,,,2
39,39,39,555302504,–°–ø—Å,post,post,1,10909475,6.8,2,—Å–ø—Å,,,,,,,,,,,,,,0
40,40,40,132399117,–ò –ø–æ—Ç–æ–º –∫ –≤–ª–∞—Å—Ç–∏ –ø—Ä–∏—à–ª–∏ –∂–∞–¥–Ω—ã–µ –∏ –≤—Å–µ –∏—Å–ø–æ–≥–∞–ª–∏ —Å–ø—Å –ª—è,post,post,1,10906561,29.12,2,—Å–ø—Å,,,,,,,,,,,,,,0
41,41,41,107673896,"–£–≤–∏–¥–µ–ª –ø–æ—Å—Ç, –ø–æ—à–µ–ª –ø–æ–ª–∏–ª, —Å–ø—Å –∞–¥–º–∏–Ωüëç",post,post,1,10874098,3.6.1995,2,—Å–ø—Å,1.0,,"28,1",2.0,,,,,,,,,,0
42,42,42,642231152,–°–ø—Å –ø–∞—Ü–∞–Ω—ã –∑–∞ –¥–æ–≤–µ—Ä–∏–µ.,post,post,1,10852115,15.3.1996,2,—Å–ø—Å,1.0,,"27,3",2.0,,,,,,,,,,0
43,43,43,84574671,"–í—Å–µ –∫—Ç–æ –∏–≥—Ä–∞—é—Ç –≤ –∏–≥—Ä—ã –Ω–∞ —Ç–µ–ª–µ—Ñ–æ–Ω–µ, –∫–æ–º–ø—å—é—Ç–µ—Ä–µ, –ø—Ä–∏—Å—Ç–∞–≤–∫–µ - –Ω—É–∂–Ω–∞ –ø–æ–º–æ—â—å —Å –∏—Å—Å–ª–µ–¥–æ–≤–∞–Ω–∏–µ–º –¥–ª—è –¥–∏–ø–ª–æ–º–∞ –≤ —ç—Ç–æ–º –Ω–∞–ø—Ä–∞–≤–ª–µ–Ω–∏–∏. –ë—É–¥—É –æ—á–µ–Ω—å –±–ª–∞–≥–æ–¥–∞—Ä–µ–Ω –≤—Å–µ–º –∫—Ç–æ –ø—Ä–æ–π–¥–µ—Ç –ø—Å–∏—Ö–æ–ª–æ–≥–∏—á–µ—Å–∫–∏–π —Ç–µ—Å—Ç –ø–æ —Å—Å—ã–ª–∫–µ –Ω–∞ —Å—Ç–µ–Ω–µ.

–û–≥—Ä–æ–º–Ω–æ–µ —Å–ø–∞—Å–∏–±–æ –æ—Ç–∫–ª–∏–∫–Ω—É–≤—à–∏–º—Å—è",post,post,1,10850875,27.4,2,–±–ª–∞–≥–æ,,,,,,,,,,,,,,1
44,44,44,24335626,"–í –ø–æ—Å–ª–µ–¥–Ω–∏–π –¥–µ–Ω—å –º–∞—Å–ª–µ–Ω–∏—Ü—ã —Å–ª–µ–¥—É–µ—Ç –ø—Ä–æ—Å–∏—Ç—å –ø—Ä–æ—â–µ–Ω–∏–µ –∏ –≥–æ–≤–æ—Ä–∏—Ç—å –±–ª–∞–≥–æ–¥–∞—Ä—é! –ò —è –ø—Ä–æ—à—É –ø—Ä–æ—â–µ–Ω–∏–µ –∏ –≥–æ–≤–æ—Ä—é –¢–µ–±–µ - –±–ª–∞–≥–æ–¥–∞—Ä—é –ø—Ä–æ—Å—Ç–æ –∑–∞ —Ç–æ, —á—Ç–æ –Ø –µ—Å—Ç—å. 
P. S —ç—Ç–æ —è —Å–∞–º —Å–µ–±–µ",post,post,1,10830509,,2,–±–ª–∞–≥–æ,,,,,,,,,,,,,,0
45,45,45,582218434,–í—Å–µ –±–ª–∞–≥–æ–¥–∞—Ä—è—Ç –ë—É–∫—É –∑–∞ –≥–µ—Ä–æ–µ–≤ –ú–∞–≥–∏–∏ –∏ –º–µ—á–∞ –∞ —è –±–ª–∞–≥–æ–¥–∞—Ä—é –∏—Ö –∑–∞ –ª–æ–∫–∞–ª–∏–∑–∞—Ü–∏—é far cry 3,post,post,1,10821798,11.8.1995,2,–±–ª–∞–≥–æ,1.0,,"27,9",2.0,,,,,,,,,,1
46,46,46,203054540,"–ù–µ –∑–Ω–∞—è –¥–∞–∂–µ —ç—Ç–æ–≥–æ –º—É–∂–∏–∫–∞,–µ—Å–ª–∏ –≤—Å–µ —Ç–∞–∫ –∏ –µ—Å—Ç—å,—è –±–ª–∞–≥–æ–¥–∞—Ä–µ–Ω —Ç–µ–±–µ –¥—è–¥—åüòÑ
–Ø –∫–æ–Ω–µ—á–Ω–æ –º–∞–ª–æ –∑–∞—Å—Ç–∞–ª –≤—Ä–µ–º–µ–Ω–∞ —Å –∫–∞—Å—Å–µ—Ç–∞–º–∏, –Ω–æ –±—ã–ª–æ –¥–µ–ª–æ. 
–°–ø–∞—Å–∏–±–æ –∑–∞ –≤—Å—ëüòî
Press F",post,post,1,10817749,27.7.2001,2,–±–ª–∞–≥–æ,1.0,,"21,9",2.0,,,,,,,,,,0
47,47,47,347089914,–°–ø—Å –µ–¥—Ä–æ—Å–∞–º –∫–æ—Ä–º–∏–ª—å—Ü–∞–º!,post,post,1,10810997,,2,—Å–ø—Å,,,,,,,,,,,,,,2
48,48,48,383968321,–°–ø—Å,post,post,1,10807045,1.8.1979,1,—Å–ø—Å,1.0,,"43,9",3.0,,,,,,,,,,0
49,49,49,486556852,–ú–µ—Ä—Å–∏ —á—Ç–æ–∂üòÅ,post,post,1,10806043,5.11,1,–º–µ—Ä—Å–∏,,,,,,,,,,,,,,1
50,50,50,429651993,"–ø–æ—Ä–∂–∞–ª, —Å–ø—Å",post,post,1,10799967,29.11.1996,2,—Å–ø—Å,1.0,,"26,6",2.0,,,,,,,,,,1
51,51,51,524955970,"–°–ª–∞–≤–Ω—ã–π –±—ã–ª, —á–µ–ª–æ–≤–µ–∫, –±–ª–∞–≥–æ–¥–∞—Ä—é –µ–≥–æ –∑–∞ –ø–∏—Ä–∞—Ç—Å–∫—É—é –ì–¢–ê 5",post,post,1,10798158,,2,–±–ª–∞–≥–æ,,,,,,,,,,,,,,1
52,52,52,516464460,–°–ü–° –∑–∞ –õ–ê–ô–§–•–ê–ö . –¶–ï–ù–Æ–Æ,post,post,1,10795532,7.7.1997,2,—Å–ø—Å,1.0,,"26,0",2.0,,,,,,,,,,0
53,53,53,206110928,"–•–∑, —Å —Å–∫–∞–π—Ä–∏–º–æ–º —Ç–∞–∫ –Ω–µ —Ä–∞–±–æ—Ç–∞–µ—Ç) —Å–ø—Å –º–æ–¥–æ–¥–µ–ª–∞–ºüòÅ",post,post,1,10792252,9.2.1993,2,—Å–ø—Å,1.0,,"30,4",3.0,,,,,,,,,,1
54,54,54,506443485,"–ü–Ω–∏—Ç–µ –∫–æ–≥–¥–∞ —Å–∫–∏–Ω—É—Ç –æ—Ä–∏–≥ –ø–µ—Å–Ω–∏ , –∑–∞—Ä–∞–Ω–µ–µ –±–ª–∞–≥–æ–¥–∞—Ä—é",post,post,1,10777255,5.4.1996,2,–±–ª–∞–≥–æ,1.0,,"27,2",2.0,,,,,,,,,,2
55,55,55,227902375,"–ò –∫—Å—Ç–∞—Ç–∏ —Å–∏—Ç—É–∞—Ü–∏—è —Å –º–µ—Ç–µ–ª—å—é —Ç–æ–∂–µ –±—ã–ª–∞, –Ω–∞ —Ç—Ä–∞—Å—Å–µ –°–µ–º–µ–π-–£—Å–∫–∞–º–∞–Ω. –ü–æ—Å–ª–µ –Ω–æ–≤–æ–≥–æ –≥–æ–¥–∞ 4 —è–Ω–≤–∞—Ä—è —Ç—Ä–∏ –≥–æ–¥–∞ –Ω–∞–∑–∞–¥, –≤—Å–µ –∑–∞–º–µ–ª–æ... –Ω–µ –≤–∏–¥–Ω–æ –Ω–∏—á–µ–≥–æ –±—ã–ª–æ.. –∏ —Ç—É—Ç –∑–µ–ª—ë–Ω–∞—è –∂–∏–ª–µ—Ç–∫–∞ —Å–ø–∞—Å–ª–∞ –æ—Ç –ª–æ–±–æ–≤–æ–≥–æ. üëç —Ç–∞–∫—Å–∏—Å—Ç —á—Ç–æ –≤—ë–∑ –Ω–∞—Å –±—ã–ª –æ—á–µ–Ω—å –±–ª–∞–≥–æ–¥–∞—Ä–µ–Ω –∑–∞ —Å–ª—É–∂–±—É",post,post,1,10743997,30.11.1996,1,–±–ª–∞–≥–æ,1.0,,"26,6",2.0,,,,,,,,,,1
56,56,56,41594419,–°–ø—Å,post,post,1,10687018,,2,—Å–ø—Å,,,,,,,,,,,,,,0
57,57,57,205756365,–°–ø—Å –Ω–∞–≤–∞–ª—å–Ω—è—Ç–∞–º! –í–æ–∂–¥—è —Å–≤–æ–µ–≥–æ –ø–æ—Å–∞–¥–∏–ª–∏ –µ—â–µ –∏ —Ä—É–±–ª—å –ø–æ–≥–ª—É–±–∂–µ –≤ –∂–æ–ø—É –∑–∞–ø–∏–Ω–∞–ª–∏! –ê–ø–ª–æ–¥–∏—Å–º–µ–Ω—Ç—ãüòÇüëèüëèüëè,post,post,1,10653791,13.6.1990,2,—Å–ø—Å,1.0,,"33,1",3.0,,,,,,,,,,2
58,58,58,136979206,"–ü–∞—Å–∏–±–∞, –ø—Ä–∏—è—Ç–Ω–æ.",post,post,1,10640374,23.4.1999,2,–ø–∞—Å–∏–±–æ,1.0,,"24,2",2.0,,,,,,,,,,1
59,59,59,276697246,"–†–µ–±—è—Ç–∞ –ø–æ—Å–æ–≤–µ—Ç—É–π—Ç–µ —Ñ–∏–ª—å–º –Ω–∞ –ø–æ–¥–æ–±–∏–∏ ¬´–Ω–∞—á–∞–ª–æ¬ª, –µ—Å–ª–∏ –≤—ã —É–ª–æ–≤–∏–ª–∏ –∑–∞–º—ã—Å–µ–ª –∏ —Å—É—Ç—å  –¥–∞–Ω–Ω–æ–π –∫–∞—Ä—Ç–∏–Ω—ã) –∑–∞—Ä–∞–Ω–µ–µ –±–ª–∞–≥–æ–¥–∞—Ä—é ü§ûüèº",post,post,1,10630517,,2,–±–ª–∞–≥–æ,,,,,,,,,,,,,,1
60,60,60,632981623,"–û—á–µ–Ω—å —Å–º–µ—à–Ω–æ, –∫–æ–≥–¥–∞ —Ä–∞–±–æ—Ç–∞–µ—à—å –∏–º–µ–Ω–Ω–æ –ø—Ä–µ—Å—Å–æ–≤—â–∏–∫–æ–º!!!! –ü–∞—Å–∏–±–∞ –∑–∞ —Ñ–æ–±–∏—é!",post,post,1,10599523,28.12.1987,2,–ø–∞—Å–∏–±–æ,1.0,,"35,5",3.0,,,,,,,,,,2
61,61,61,423746924,"–õ—é–¥–∏, –ø–æ–¥—Å–∫–∞–∂–∏—Ç–µ —Ä–∞–¥–∏ –±–æ–≥–∞ –≤ –∫–∞–∫–æ–π –ø—Ä–æ–≥–µ –ø–æ—Å—Ç—Ä–æ–µ–Ω–∞ –ø–æ–≤–µ—Ä—Ö–Ω–æ—Å—Ç—å?
UPD: –°–ø–∞—Å–∏–±–æ –≤—Å–µ–º, –∫—Ç–æ –æ—Ç–≤–µ—Ç–∏–ª! –û—Ç –≤—Å–µ–≥–æ —Å–µ—Ä–¥—Ü–∞ –±–ª–∞–≥–æ–¥–∞—Ä—é ü•∞",post,post,1,10469267,20.6.2001,2,–±–ª–∞–≥–æ,1.0,,"22,0",2.0,,,,,,,,,,1
62,62,62,10045252,"–ë–ª–∞–≥–æ–¥–∞—Ä—é –≤–∞—Å, –Ω–µ –Ω—É–∂–Ω–æ",post,post,1,10466677,12.6.1972,1,–±–ª–∞–≥–æ,1.0,,"51,1",3.0,,,,,,,,,,0
63,63,63,365789484,–°–ø—Å –∏ —Ç–µ–±—è,post,post,1,10454911,29.6.1980,2,—Å–ø—Å,1.0,,"43,0",3.0,,,,,,,,,,0
64,64,64,238905843,—Å–ø—Å –∏ —Ç–±ü§î,post,post,1,10454911,,2,—Å–ø—Å,,,,,,,,,,,,,,1
65,65,65,6083722,–ë–ª–∞–≥–æ–¥–∞—Ä—é –∑–∞ —Å–ª—É–∂–±—É!,post,post,1,10454300,,2,–±–ª–∞–≥–æ,,,,,,,,,,,,,,0
66,66,66,21785665,"–æ–Ω–∞ —Å–ø–∞—Å–∞–µ—Ç —Ç–µ–±—è –æ—Ç –≥–∏–≥–∞–Ω—Ç—Å–∫–∏—Ö –º–æ—Ä—Å–∫–∏—Ö —Å–≤–∏–Ω–æ–∫
–±—É–¥—å –±–ª–∞–≥–æ–¥–∞—Ä–µ–Ω –ø–µ—Ä—É–∞–Ω—Å–∫–æ–º—É –º—É–∑—ã–∫–∞–Ω—Ç—É!",post,post,1,10448715,23.5,2,–±–ª–∞–≥–æ,,,,,,,,,,,,,,1
67,67,67,400738692,–°–ø—Å –∑–∞ –∫–∏–±–µ—Ä–±—É–ª–ª–∏–Ω–≥,post,post,1,10446604,4.2.2003,2,—Å–ø—Å,1.0,,"20,4",2.0,,,,,,,,,,0
68,68,68,132399117,–° —Å—É–±—Ç–∏—Ç—Ä–∞–º–∏ –µ—Å—Ç—å –µ—Å–æ–∏ –¥–∞ —Å–ø—Å,post,post,1,10440670,29.12,2,—Å–ø—Å,,,,,,,,,,,,,,0
69,69,69,304031014,–û–æ–æ –ø–∞—Å–∏–±–∞ —á—Ç–æ –Ω–∞–ø–æ–º–Ω–∏–ª–∏ —â–∞ –ø–æ–π–¥—É –¥–∏–∑–ª–∞–π–∫–∞—Ç—å üòà,post,post,1,10440670,5.4,2,–ø–∞—Å–∏–±–æ,,,,,,,,,,,,,,1
70,70,70,117530951,"–Ø —Ç–∞–∫ —Ä–∞–¥ —Å–¥–µ–ª–∞—Ç—å —ç—Ç–æ—Ç –ø–µ—Ä–≤—ã–π –∫–æ–º–º–µ–Ω—Ç–∞—Ä–∏–π. –ù–∞–∫–æ–Ω–µ—Ü —Ç–æ, –¥–Ω–∏ —Ç—è–∂–µ–ª–æ–π —Ä–∞–±–æ—Ç—ã –∏ –ø—Ä–µ–¥–∞–Ω–Ω–æ—Å—Ç–∏ –¥–∞–Ω–Ω–æ–º—É –¥–µ–ª—É –ø—Ä–∏–Ω–µ—Å–ª–∏ —Å–≤–æ–∏ –ø–ª–æ–¥—ã. –°–¥–µ–ª–∞—Ç—å –ø–µ—Ä–≤—ã–π –∫–æ–º–º–µ–Ω—Ç–∞—Ä–∏–π –±—ã–ª–æ –º–æ–µ–π –º–µ—á—Ç–æ–π –Ω–∞ –ø—Ä–æ—Ç—è–∂–µ–Ω–∏–∏ –º–Ω–æ–≥–∏—Ö –ª–µ—Ç, –∏ —è —Ö–æ—Ç–µ–ª –±—ã –ø–æ–±–ª–∞–≥–æ–¥–∞—Ä–∏—Ç—å —Ç–µ—Ö, –∫—Ç–æ –±—ã–ª–∏ —Å–æ –º–Ω–æ–π —Ä—è–¥–æ–º –Ω–∞ —ç—Ç–æ–º –ø—É—Ç–∏. –°–∞–º–æ–µ –≥–ª–∞–≤–Ω–æ–µ, —è —Ö–æ—Ç–µ–ª –±—ã –ø–æ–±–ª–∞–≥–æ–¥–∞—Ä–∏—Ç—å –ë–æ–≥–∞ –∑–∞ –ø—Ä–µ–¥–æ—Å—Ç–∞–≤–ª–µ–Ω–Ω—É—é –≤–æ–∑–º–æ–∂–Ω–æ—Å—Ç—å. –ó–∞—Ç–µ–º —è —Ö–æ—Ç–µ–ª –±—ã —Å–∫–∞–∑–∞—Ç—å —Å–ø–∞—Å–∏–±–æ —Ä–æ–¥–∏—Ç–µ–ª—è–º. –ü–æ–±–ª–∞–≥–æ–¥–∞—Ä–∏—Ç—å —Å–≤–æ–µ–≥–æ –¥—Ä—É–≥–∞, –∑–∞ —Ç–æ —á—Ç–æ –æ–Ω –∫—É–ø–∏–ª —Ö–∞–≤—á–∏–∫–∞ –¥–æ–º–æ–π –∏ –º–Ω–µ —Å–∞–º–æ–º—É –Ω–µ –ø—Ä–∏—à–ª–æ—Å—å –∏–¥—Ç–∏ –≤ –º–∞–≥–∞–∑. –¢–∞–∫–∂–µ, –æ–≥—Ä–æ–º–Ω–æ–µ —Å–ø–∞—Å–∏–±–æ –º–æ–µ–º—É –¥–æ–º–∞—à–Ω–µ–º—É –≥–æ–ª–æ–≤–∞—Å—Ç–∏–∫—É, –∑–∞ —Ç–æ —á—Ç–æ –∂–∏–ª –≤–æ–ø—Ä–µ–∫–∏ –≤—Å–µ–º—É —Ü–µ–ª—É—é –Ω–µ–¥–µ–ª—é. –ó–∞—Ç–µ–º, —Ö–æ—Ç–µ–ª–æ—Å—å –±—ã —Å–∫–∞–∑–∞—Ç—å —Å–ø–∞—Å–∏–±–æ –±–µ–ª–æ—á–∫–µ, –∂–∏–≤—É—â–µ–π –Ω–∞ –∑–∞–¥–Ω–µ–º –¥–≤–æ—Ä–µ, –∑–∞ —Ç–æ –∫–∞–∫ –æ–Ω–∞ –∫–∞—Ä–∞–±–∫–∞–ª–∞—Å—å –ø–æ –¥–µ—Ä–µ–≤—å—è–º, —ç—Ç–æ –≤–¥–æ—Ö–Ω–æ–≤–ª—è–ª–æ –º–µ–Ω—è –¥–µ–Ω—å –∑–∞ –¥–Ω–µ–º. 
–≠—Ç–æ –æ—Å–æ–±—ã–π –¥–µ–Ω—å –≤ –º–æ–µ–π –∂–∏–∑–Ω–∏ –∏ —è –±–ª–∞–≥–æ–¥–∞—Ä—é –∫–∞–∂–¥–æ–≥–æ –¥—Ä—É–≥–∞ –∏ —á–ª–µ–Ω–∞ —Å–µ–º—å–∏, –∫–æ—Ç–æ—Ä–æ–≥–æ —è –∑–∞–±—ã–ª —É–ø–æ–º—è–Ω—É—Ç—å –∏ –∫–æ—Ç–æ—Ä—ã–π –ø–æ–º–æ–≥–∞–ª –º–Ω–µ –ø—Ä–æ–π—Ç–∏ —ç—Ç–æ—Ç –ø—É—Ç—å. –≠—Ç–æ—Ç –º–æ–º–µ–Ω—Ç –∏–∑ —Ç–µ—Ö, –∫–æ—Ç–æ—Ä—ã–µ –Ω–∏–∫–æ–≥–¥–∞ –Ω–µ –∑–∞–±—ã–≤–∞—é—Ç—Å—è. –ü–æ—Å—Ç–æ–π—Ç–µ, —è –≤—Å–ø–æ–º–Ω–∏–ª —Ç–µ—Ö, –∫–æ–º—É —è –∑–∞–±—ã–ª —Å–∫–∞–∑–∞—Ç—å —Å–ø–∞—Å–∏–±–æ: –≤–∫–æ–Ω—Ç–∞–∫—Ç–µ; —Ä—ã–±–∫–∞, –∫–æ—Ç–æ—Ä—É—é —è –ø–æ–π–º–∞–ª –≤ —Ç—Ä–µ—Ç—å–µ–º –∫–ª–∞—Å—Å–µ; —Å–≤–µ—Ç –≤ –º–æ–µ–π –∫–æ–º–Ω–∞—Ç–µ, –ø–æ—Ç–æ–º—É —á—Ç–æ –±–µ–∑ –Ω–µ–≥–æ —è –±—ã –Ω–µ —Ä–∞–∑–≥–ª—è–¥–µ–ª –∫–ª–∞–≤–∏–∞—Ç—É—Ä—ã; –∏–Ω—Ç–µ—Ä–Ω–µ—Ç, –∫–æ—Ç–æ—Ä—ã–π –ø—Ä–æ–ø—É—Å—Ç–∏–ª –º–µ–Ω—è –≤ –≤–∫; –º–æ–π –¥–æ–º, –ø–æ—Ç–æ–º—É —á—Ç–æ –±–µ–∑ –Ω–µ–≥–æ —É –º–µ–Ω—è –±—ã –Ω–µ –±—ã–ª–æ –¥–æ–º–∞; –∏ –ø–æ—Å–ª–µ–¥–Ω–µ–µ, –Ω–æ –Ω–µ –ø–æ –∑–Ω–∞—á–µ–Ω–∏—é, –≤—Å–µ—Ö –ª—é–¥–µ–π, –∫–æ—Ç–æ—Ä—ã–µ –ø–æ—Ç—Ä–∞—Ç–∏–ª–∏ –≤—Ä–µ–º—è –Ω–∞ –ø—Ä–æ—á—Ç–µ–Ω–∏–µ —ç—Ç–æ–≥–æ. –Ø –Ω–µ –º–æ–≥—É –æ–ø–∏—Å–∞—Ç—å, –Ω–∞—Å–∫–æ–ª—å–∫–æ —ç—Ç–æ –≤–∞–∂–Ω–æ –¥–ª—è –º–µ–Ω—è. –Ø —Ç–∞–∫ —Å—Ç–∞—Ä–∞–ª—Å—è –ø—Ä–æ–∫–æ–º–º–µ–Ω—Ç–∏—Ä–æ–≤–∞—Ç—å —á—Ç–æ-–Ω–∏–±—É–¥—å –ø–µ—Ä–≤—ã–º, –Ω–æ –º–Ω–µ –Ω–µ —É–¥–∞–≤–∞–ª–æ—Å—å —ç—Ç–æ –≥–æ–¥–∞–º–∏, –¥–æ —ç—Ç–æ–≥–æ –∑–∞–º–µ—á–∞—Ç–µ–ª—å–Ω–æ–≥–æ –¥–Ω—è. –ù–∞–¥–µ—é—Å—å, —É–¥–∞—á–∞ –∏ –≤–ø—Ä–µ–¥—å –Ω–µ –æ—Ç–≤–µ—Ä–Ω–µ—Ç—Å—è –æ—Ç –º–µ–Ω—è, —Ö–æ—Ç—è, –∫–æ–Ω–µ—á–Ω–æ –∂–µ, —ç—Ç–æ –ª–∏—à—å –¥–µ–ª–æ —Å–ª—É—á–∞—è. –ù–æ –µ—Å–ª–∏ –≤—ã —Å–ø—Ä–æ—Å–∏—Ç–µ –º–µ–Ω—è, –∫–∞–∫ —è –¥–æ—Å—Ç–∏–≥ –≤—Å–µ–≥–æ —ç—Ç–æ–≥–æ, —è –æ—Ç–≤–µ—á—É –ª–∏—à—å –æ–¥–Ω–æ - –≤—ã –º–æ–∂–µ—Ç–µ –¥–æ—Å—Ç–∏—á—å –≤—Å–µ–≥–æ, —á—Ç–æ —Ç–æ–ª—å–∫–æ –∑–∞—Ö–æ—Ç–∏—Ç–µ. –î–µ—Ç–∏—à–∫–∏, —á–∏—Ç–∞—é—â–∏–µ —ç—Ç–æ, –∑–∞–ø–æ–º–Ω–∏—Ç–µ - —Å–ª–µ–¥—É–π—Ç–µ —Å–≤–æ–µ–π –º–µ—á—Ç–µ. –ë—ã—Ç—å –ø–µ—Ä–≤—ã–º —ç—Ç–æ –∏ –≤–ø—Ä–∞–≤–¥—É –∑–∞–º–µ—á–∞—Ç–µ–ª—å–Ω–æ, —Å–ø–∞—Å–∏–±–æ –≤—Å–µ–º.",post,post,1,10438743,15.3,2,–±–ª–∞–≥–æ,,,,,,,,,,,,,,1
71,71,71,70744576,–æ—Ö—É–µ—Ç—å –∏ –∫ —á–µ–º—É —ç—Ç–æ?—Å–Ω–µ—Å—Ç–∏ —à–∫–æ–ª—ã –∏ –ø—Ä–æ—á–µ–µ –∏ –æ—Å—Ç–∞–≤–∏—Ç—å —Ç–æ–ª—å–∫–æ —Ü–µ—Ä–≤–∫–∏?–∞—Ö–∞—Ö—Ö–∞—Ö–∞ –Ω–µ—Ç —Å–ø—Å —è –≤—ã–±–∏—Ä–∞—é –∏–Ω—Ç–µ–ª–µ–∫—Ç,post,post,1,10371739,1.2.1993,2,—Å–ø—Å,1.0,,"30,4",3.0,,,,,,,,,,2
72,72,72,107093294,"—ç—Ç–æ —Ä–∞–∑—Ä–µ—à–µ–Ω–∏–µ —Å–æ–±–∏—Ä–∞—Ç—å –µ–¥—É —Å –º—É—Å–æ—Ä–æ–∫ , —Å–ø—Å –†–æ—Å—Å–∏—è —è —Å—ã—Ç",post,post,1,10347416,,2,—Å–ø—Å,,,,,,,,,,,,,,0
73,73,73,-28273780,"–∞xy–∏—Ç–µ–ª—å–Ω–∞—è –∏—Å—Ç–æ—Ä–∏—è –æ—Ç –∞–¥–º–µ–Ω–∞, —Å–ø—Å –ø–∞—Ä–∂–∞–ª üòÇ",post,post,1,10340452,—Å–æ–æ–±—â–µ—Å—Ç–≤–æ,—Å–æ–æ–±—â–µ—Å—Ç–≤–æ,—Å–ø—Å,,,,,,,,,,,,,,2
74,74,74,423398032,"–≠–∫—Å–ø–µ—Ä—Ç—ã –≤ —Ñ–∏–∑–∏–∫–µ,—Ö–æ—Ç–µ–ª –±—ã –∑–∞–¥–∞—Ç—å –æ–¥–∏–Ω –≤–æ–ø—Ä–æ—Å —á—Ç–æ –∑–Ω–∞—á–∏—Ç —ç—Ç–∏ 3 —Ç–æ—á–∫–∏ –≤ —Ñ–æ—Ä–º—É–ª–µ,–ø—Ä–æ—Å—Ç–æ –≤ –º–æ–µ–º —Å–ø—Ä–∞–≤–æ—á–Ω–∏–∫–µ –ø–æ —Ñ–∏–∑–∏–∫–µ —ç—Ç–æ–≥–æ –Ω–µ —Å–∫–∞–∑–∞–ª–∏ –∞ —Å–∞–º –Ω–µ –º–æ–≥—É –¥–æ–¥—É–º–∞—Ç—å—Å—è. –ï—Å–ª–∏ –∑–Ω–∞–µ—Ç–µ,–¥–∞–π—Ç–µ –ø–æ–∂–∞–ª—É–π—Å—Ç–∞ —Ä–∞–∑–≤—ë—Ä–Ω—É—Ç—ã–π (–∏–ª–∏ –∫—Ä–∞—Ç–∫–∏–π) –æ—Ç–≤–µ—Ç. –ë—É–¥—É –æ—á–µ–Ω—å –±–ª–∞–≥–æ–¥–∞—Ä–µ–Ω",post,post,1,10334169,4.3.1994,2,–±–ª–∞–≥–æ,1.0,,"29,3",2.0,,,,,,,,,,2
75,75,75,21398762,"3 —Å–µ–∫—É–Ω–¥—ã —Ç–∏—à–µ–Ω—ã , –°–ø—Å –∞–¥ –±–ª–æ–∫—É",post,post,1,10316157,,2,—Å–ø—Å,,,,,,,,,,,,,,2
76,76,76,70744576,—Å–ø—Å –ø–∏–¥–Ω–æ—Å–∞–º –≤–æ–Ω—é—á–∏–º –∑–∞ –∫–æ—Ä–æ–Ω—É,post,post,1,10307427,1.2.1993,2,—Å–ø—Å,1.0,,"30,4",3.0,,,,,,,,,,0
77,77,77,-200166458,–æ–¥–Ω–æ–≥–æ —Å–ø—Å –±–æ–ª–µ–µ —á–µ–º –¥–æ—Å—Ç–∞—Ç–æ—á–Ω–æ,post,post,1,10299348,—Å–æ–æ–±—â–µ—Å—Ç–≤–æ,—Å–æ–æ–±—â–µ—Å—Ç–≤–æ,—Å–ø—Å,,,,,,,,,,,,,,0
78,78,78,102734062,https://sbordeneg.com/explore/65435-proshu-pomoschi-v-ispolnenii-mechty.html –∑–∞—Ä–∞–Ω–µ–µ —Å–ø—Å,post,post,1,10294701,,1,—Å–ø—Å,,,,,,,,,,,,,,2
79,79,79,54413882,–ë–ª–∞–≥–æ–¥–∞—Ä—é,post,post,1,10283175,22.2,1,–±–ª–∞–≥–æ,,,,,,,,,,,,,,0
80,80,80,133260513,–ü–∞—Å–∏–±–æ —Ç–µ–±–µ –º—É–∂–∏–∫,post,post,1,10283175,27.1,2,–ø–∞—Å–∏–±–æ,,,,,,,,,,,,,,0
81,81,81,480194314,"[id340474734|–ú–∏—à–∞], —Å–ø—Å",post,post,1,10271738,6.6.2000,2,—Å–ø—Å,1.0,,"23,1",2.0,,,,,,,,,,0
82,82,82,22675245,–ö–∞–∫ –≥–æ–≤–æ—Ä–∏—Ç—å—Å—è –ë–ª–∞–≥–æ–¥–∞—Ä—é –∑–∞ –≤–Ω–∏–º–∞–Ω–∏–µ !,post,post,1,10260098,17.10.1988,2,–±–ª–∞–≥–æ,1.0,,"34,7",3.0,,,,,,,,,,0
83,83,83,123831739,–í–æ–æ–±—â–µ —Ç–æ –∫–∞—Å—Å–∏—Ä –±—É–¥–µ—Ç –¥–æ—Ö—Ä–µ–Ω–∞ –±–ª–∞–≥–æ–¥–∞—Ä–µ–Ω –∏–±–æ –≤—Å—é —ç—Ç—É –¥–∏—á—å –≤—ã–Ω—É–∂–¥–∞—é—Ç –≥–æ–≤–æ—Ä–∏—Ç—å –ø–æ —Ä–µ–≥–ª–∞–º–µ–Ω—Ç—É,post,post,1,10241548,,2,–±–ª–∞–≥–æ,,,,,,,,,,,,,,2
84,84,84,307247504,"–ó–¥—Ä–∞–≤—Å—Ç–≤—É–π—Ç–µ, –ø—Ä–µ–≤—ã—Å–æ–∫–æ—Ä–∞—Å–º–æ—Ç—Ä–∏—Ç–µ–ª—å—Å—Ç–≤—É—é—â–∞—è –ø—Ä–æ–¥–∞–≤—â–∏—Ü–∞ –∑–∞—â–∏—Ç–Ω—ã—Ö —Ç—Ä—ë—Ö—Å–ª–æ–π–Ω—ã—Ö –º–µ–¥–∏—Ü–∏–Ω—Å–∫–∏—Ö —Ç–∫–∞–Ω–µ–≤—ã—Ö –º–∞—Å–æ–∫. –ù–µ —Å–æ–∏–∑–≤–æ–ª–∏—Ç–µ —Å–æ–≤–µ—Ä—à–∏—Ç—å –¥–µ–Ω–µ–∂–Ω—ã–π –±–∞—Ä—Ç–µ—Ä –≤ —Ä–µ–∑—É–ª—å—Ç–∞—Ç–µ –∫–æ—Ç–æ—Ä–æ–≥–æ –≤—ã –ø–æ–ª—É—á–∏—Ç–µ –¥–µ–Ω—å–≥–∏, –∞ –∑–∞—â–∏—Ç–Ω—É—é —Ç—Ä—ë—Ö—Å–ª–æ–π–Ω—É—é –º–µ–¥–∏—Ü–∏–Ω—Å–∫—É—é —Ç–∫–∞–Ω–µ–≤—É—é –º–∞—Å–∫—É. –ó–∞—Ä–∞–Ω–µ–µ –±–ª–∞–≥–æ–¥–∞—Ä—é –≤–∞—Å –æ—Ç –≤—Å–µ–π –¥—É—à–∏ –∏ –∂–µ–ª–∞—é –æ—Ç–ª–∏—á–Ω—ã—Ö –¥–µ–ª –ø—Ä–µ–¥–ø—Ä–∏–Ω–∏–º–∞—Ç–µ–ª—å—Å–∫–∏—Ö. - —Ç–µ–±–µ –¥–æ–ø–ª–∞—á–∏–≤–∞—é—Ç 15—Ä",post,post,1,10217099,30.1,2,–±–ª–∞–≥–æ,,,,,,,,,,,,,,2
85,85,85,207052144,–î–∞–≤–Ω–µ–Ω—å–∫–æ —Å—Ç–æ–ª—å–∫–æ –¥–∏—á–∏ –Ω–µ —á–∏—Ç–∞–ª –∫–∞–∫ –≤ –º–µ—Å—Ç–Ω—ã—Ö –∫–æ–º–µ–Ω—Ç–∞—Ö. –ü–æ—Ä–∂–∞–ª –∑–Ω–∞—Ç–Ω–µ–Ω—å–∫–æ. –°–ø—Å –≤—Å–µ–º))),post,post,1,10206044,21.8.1980,2,—Å–ø—Å,1.0,,"42,9",3.0,,,,,,,,,,1
86,86,86,7876970,"–ë–∞—Ç—é—à–∫–∞ –î–∏–º–∏—Ç—Ä–∏–π —Ç—ã –≤—Å—é –∂–∏–∑–Ω—å –±—ã–ª –î–æ–±–ª–µ—Å—Ç–Ω—ã–º –∏ –ë–ª–∞–≥–æ—Ä–æ–¥–Ω—ã–º –í–æ–∏–Ω–æ–º –•—Ä–∏—Å—Ç–æ–≤—ã–º, –∫–∞–∫ –∂–∞–ª—å —á—Ç–æ —è –∏–º–µ–ª–∞ —á–µ—Å—Ç—å —Ç–∞–∫–æ–≥–æ –Ω–µ –ø—Ä–æ–¥–æ–ª–∂–∏—Ç–µ–ª—å–Ω–æ–≥–æ –æ–±—â–µ–Ω–∏—è —Å —Ç–æ–±–æ–π, –±–µ—Å–∫–æ–Ω–µ—á–Ω–æ –±–ª–∞–≥–æ–¥–∞—Ä–Ω–∞ —Ç–µ–±–µ –∑–∞ –ø–æ–¥–¥–µ—Ä–∂–∫—É, –∑–∞ –º–æ–ª–∏—Ç–≤—ã, –∑–∞ –¥—É—à–µ–≤–Ω—ã–π —Ä–∞–∑–≥–æ–≤–æ—Ä, —ç—Ç–æ –Ω–∞—Å—Ç–æ—è—â–∏–π —É–¥–∞—Ä –ø–æ —Å–µ—Ä–¥—Ü—É –Ω–∞–π—Ç–∏ —Ç–µ–±—è –∏ —Ç–∞–∫ —Å–∫–æ—Ä–æ –ø–æ—Ç–µ—Ä—è—Ç—å, –Ω–æ —è —É–≤–µ—Ä–µ–Ω–∞ —á—Ç–æ –∏ —Ç–∞–º –≤ –≤–µ—á–Ω–æ–π –∂–∏–∑–Ω–∏ —Å—Ç–æ—è –ø–æ –ø—Ä–∞–≤—É—é —Ä—É–∫—É –æ—Ç –ò–∏—Å—É—Å–∞ –•—Ä–∏—Å—Ç–∞ —Ç—ã –º–µ–Ω—è —É—Å–ª—ã—à–∏—à—å, –∏ —Ç–≤–æ—ë —Ç–µ–ø–ª–æ –∏ –∑–∞–±–æ—Ç–∞ –∫–æ—Å–Ω—ë—Ç—Å—è –∫–∞–∫ –¥—É–Ω–æ–≤–µ–Ω–∏–µ –≤–µ—Ç—Ä–∞ –º–µ–Ω—è –Ω–∞ –∑–µ–º–ª–µ. –î–∞ –¥–∞—Ä—É–µ—Ç —Ç–µ–±–µ –ë–æ–≥ –≤—Å–µ –ë–ª–∞–≥–∞ –Ω–µ–±–µ—Å–Ω—ã–µ, –∑–∞ —Ç–≤–æ–π —Ç–∏—Ç–∞–Ω–∏—á–µ—Å–∫–∏–π —Ç—Ä—É–¥ –Ω–∞ –∑–µ–º–ª–µ, —Å–∫–æ–ª—å–∫–æ –Ω–µ—á–µ—Å—Ç–∏–≤—ã—Ö —Ç—ã –æ—á–∏—Å—Ç–∏–ª –∏ –ø—Ä–∏–≤—ë–ª –∫ –ò–∏—Å—É—Å—É, —Å–∫–æ–ª—å–∫–∏—Ö –¥–µ—Ç–æ–∫ —Ç—ã –ø—Ä–∏—é—Ç–∏–ª –∏ –¥–∞–ª —à–∞–Ω—Å –∫ –Ω–æ—Ä–º–∞–ª—å–Ω–æ–π –∂–∏–∑–Ω–∏. –¢–æ —á—Ç–æ —Ç—ã —É—Å–ø–µ–ª —Å–¥–µ–ª–∞—Ç—å –æ–¥–∏–Ω –∏ —Å–æ—Ç–Ω–∏ –Ω–µ —Å–¥–µ–ª–∞–ª–∏! –í–µ—á–Ω–∞—è —Ç–µ–±–µ –ø–∞–º—è—Ç—å –¥–æ—Ä–æ–≥–æ–π, –ª—é–±–∏–º—ã–π, —É–≤–∞–∂–∞–µ–º—ã–π –¥–æ –≥–ª—É–±–∏–Ω—ã –¥—É—à–∏ –ë–∞—Ç—é—à–∫–∞ –î–∏–º–∏—Ç—Ä–∏–π. –¢—ã –Ω–∞–≤—Å–µ–≥–¥–∞ –≤ –º–æ–µ–º —Å–µ—Ä–¥—Ü–µ.",post,post,1,10193948,,1,–±–ª–∞–≥–æ,,,,,,,,,,,,,,2
87,87,87,608179423,"–û , —Å–ø—Å –∑–∞ —Å–æ–≤–µ—Ç. –ù–∞—á–Ω—É –æ—Ç–∫–ª–∞–¥—ã–≤–∞—Ç—å",post,post,1,10154745,1.7.1969,2,—Å–ø—Å,1.0,,"54,0",3.0,,,,,,,,,,0
88,88,88,619097064,"–î–æ–±—Ä–æ—Å–≤–µ—Ç-–¥—É—à–∞, –∂–µ–º—á—É–∂–∏–Ω–∞ –≤ –æ–∂–µ—Ä–µ–ª—å–µ –í—ã—Å—à–µ–≥–æ –û—Ç—Ü–∞, –ú–∞—è–∫ –±–æ–∂–µ—Å—Ç–≤–µ–Ω–Ω–æ–≥–æ —Å–≤–µ—Ç–∞ –¥–æ–±—Ä–æ–¥–µ—Ç–µ–ª–∏, –ø—Ä–∏–º–∏—Ç–µ –≤ –¥–∞—Ä –∞—Ä–æ–º–∞—Ç –±—É–∫–µ—Ç–∞ —á–∏—Å—Ç—ã—Ö —á—É–≤—Å—Ç–≤ –∏ –¥–æ–±—Ä—ã—Ö –ø–æ–∂–µ–ª–∞–Ω–∏–π –æ—Ç –ª–æ–¥–∫–∏-–¥—É—à–∏ —Å—Ç—Ä–∞–Ω—Å—Ç–≤—É—é—â–µ–π –ø–æ –≤–æ–ª–Ω–∞–º –æ–∫–µ–∞–Ω–∞ –∂–∏–∑–Ω–∏, –∏ –∑–∞–±—Ä–æ—à–µ–Ω–Ω–æ–π –≤–µ—Ç—Ä–∞–º–∏ —Å—É–¥—å–±—ã –Ω–∞ —Å–∫–∞–ª—ã —É –±—Ä–µ–≥–æ–≤ –¥–æ—Å—Ç–æ—Å–ª–∞–≤–Ω–æ–≥–æ –ì—Ä–∞–¥–∞ N, –∏ —Å–ø–∞—Å—ë–Ω–Ω–æ–π –º–µ—Ä—Ü–∞—é—â–∏–º —Å–∏—è–Ω–∏–µ–º –í–∞—à–µ–≥–æ –ú–∞—è–∫–∞ –ù–∞–¥–µ–∂–¥—ã. –í –∑–Ω–∞–∫ –ø—Ä–∏–∑–Ω–∞—Ç–µ–ª—å–Ω–æ—Å—Ç–∏ –∑–∞ –ø—Ä–æ—Ç—è–Ω—É—Ç—É—é —Ä—É–∫—É —Å–≤–µ—Ç–∞ –∏ –¥—Ä—É–∂–±—ã –æ—Å—ã–ø–∞—é –í–∞—à—É –°–≤–µ—Ç–ª–æ—Å—Ç—å –ª–µ–ø–µ—Å—Ç–∫–∞–º–∏ —Ä–æ–∑ –º–æ–µ–π —Å–µ—Ä–¥–µ—á–Ω–æ–π –±–ª–∞–≥–æ–¥–∞—Ä–Ω–æ—Å—Ç–∏. 
–ù–µ —Å–º–µ—é –Ω–∞–¥–µ—è—Ç—å—Å—è –Ω–∞ —Å–Ω–∏—Å—Ö–æ–∂–¥–µ–Ω–∏–µ –∏ –≤–Ω–∏–º–∞–Ω–∏–µ –∫ –º–æ–µ–π —Å–ª—É—á–∞–π–Ω–æ–π –ø–µ—Ä—Å–æ–Ω–µ –≤–¥—Ä—É–≥ –≤–æ–∑–Ω–∏–∫—à–µ–π –∏–∑ –Ω–∏–æ—Ç–∫—É–¥–∞. –ù–æ –≤—Å—ë –∂–µ –æ—Å—Ç–∞–≤–ª—è—é –º–µ—Å—Ç–æ –±–æ–∂–µ—Å—Ç–≤–µ–Ω–Ω–æ–º—É –ø—Ä–æ–≤–∏[–µ]–¥–µ–Ω–∏—é –∏ —á—É–¥—É —Ä–∞—Å—Å–º–æ—Ç—Ä–µ–Ω–∏—è –í–∞–º–∏ –º–æ–µ–π –ø—Ä–æ—Å—å–±—ã –Ω–∞ –∞—É–¥–∏–µ–Ω—Ü–∏—é, –ø—É—Å—Ç—å –≤ —á–∞—Ç–µ –∏–ª–∏ –æ–Ω–ª–∞–π–Ω –∏–ª–∏ ""–¥—É—à–∞ –≤ –¥—É—à—É, –≥–ª–∞–∑–∞ –≤ –≥–ª–∞–∑–∞"" –ø–æ–∫–∞ —è –∑–¥–µ—Å—å –µ—â—ë. –ê —Å—É—Ç—å –∑–∞–ø—Ä–æ—Å–∞: –º–Ω–µ —Ö–æ—á–µ—Ç—Å—è –¥–µ–ª–∏—Ç—å—Å—è –æ–±—Ä–µ—Ç—ë–Ω–Ω—ã–º –±–æ–≥–∞—Ç—Å—Ç–≤–æ–º –ø—Ä–∞–∫—Ç–∏—á–µ—Å–∫–æ–≥–æ –æ–ø—ã—Ç–∞ –Ω–∞ –æ—Å–Ω–æ–≤–µ —É–Ω–∏–∫–∞–ª—å–Ω–µ–π—à–µ–≥–æ –ó–Ω–∞–Ω–∏—è –æ–± –£–Ω–∏–≤–µ—Ä—Å—É–º–µ. 
–î–ª—è –Ω–∞–≥–ª—è–¥–Ω–æ—Å—Ç–∏, –ø—Ä–∏–≤–µ–¥—É –Ω–µ—Å–∫–æ–ª—å–∫–æ –∞—Å–ø–µ–∫—Ç–æ–≤ –∏ —Ç–µ–º –∏–∑ –ø—Ä–µ–¥–ª–∞–≥–∞–µ–º–æ–≥–æ –∑–Ω–∞–Ω–∏—è. –í–æ—Ç –ø–µ—Ä–≤—ã–π –∏ —Ñ—É–Ω–¥–∞–º–µ–Ω—Ç–∞–ª—å–Ω—ã–π, —Å –∫–æ–µ–≥–æ –∏ –±—É–¥–µ—Ç –ø—Ä–µ–¥–ª–æ–∂–µ–Ω–æ –Ω–∞—á–∞—Ç—å –≤—Å—Ç—Ä–µ—á—É-–±–µ—Å–µ–¥—É: ""–ö–¢–û –Ø?"" –ó–¥–µ—Å—å –ø–æ–π–¥—ë—Ç —Ä–µ—á—å –æ —Ç–æ—á–Ω–æ–º –∫–æ–Ω–∫—Ä–µ—Ç–Ω–æ–º –ø—Ä–µ–¥—Å—Ç–∞–≤–ª–µ–Ω–∏–∏ –æ –¥—É—à–µ, –≤–ø–ª–æ—Ç—å –¥–æ —Ñ–æ—Ä–º—ã –∏ —Ä–∞–∑–º–µ—Ä–∞, –∞ —Ç–∞–∫ –∂–µ –æ—Ç–∫—É–¥–∞ –ø—Ä–∏—Ö–æ–¥–∏–º (–≥–¥–µ –¥–æ–º –¥—É—à?), –∫–æ–≥–¥–∞ –æ–±—Ä–∞—Ç–Ω–æ, —á—å–∏ –º—ã, –∫–∞–∫–æ–≤ –û–Ω –û—Ç–µ—Ü, –∫–∞–∫ –∏–∑–º–µ–Ω–∏—Ç—å –≤—Ä–µ–¥–Ω—ã–µ –ø—Ä–∏–≤—ã—á–∫–∏, –∫–∞–∫ –Ω–∞–∫–æ–ø–∏—Ç—å —Å–∏–ª—É –∏–Ω—Ç–µ–ª–ª–µ–∫—Ç—É, –∫–∞–∫–∏–µ –º—ã –∏–∑–Ω–∞—á–∞–ª—å–Ω–æ, –¥–æ –¥–µ–≥—Ä–∞–¥–∞—Ü–∏–∏, –∫–∞–∫–∏–º –∑–∞–∫–æ–Ω–∞–º –≤—Å—ë —ç—Ç–æ –¥–≤–∏–∂–µ–Ω–∏–µ –∏—Å—Ç–æ—Ä–∏–∏ —á–µ–ª–æ–≤–µ—á–µ—Å—Ç–≤–∞ –ø–æ–¥—á–∏–Ω—è–µ—Ç—Å—è, —á—Ç–æ —Ç–∞–∫–æ–µ –∑–∞–∫–æ–Ω –∫–∞—Ä–º—ã, –∫–∞–∫–æ–≤–∞ —Ä–æ–ª—å –æ—Ç—Ü–æ–≤-–æ—Å–Ω–æ–≤–∞—Ç–µ–ª–µ–π –∫–∞–∂–¥–æ–π –∏–∑ 4 –æ—Å–Ω–æ–≤–Ω—ã—Ö –≤–µ—Ç–≤–µ–π –Ω–∞ –¥—Ä–µ–≤–µ –º–∏—Ä–æ–≤—ã—Ö —Ä–µ–ª–∏–≥–∏–π, —á—Ç–æ –∏–∑ —Å–µ–±—è –ø—Ä–µ–¥—Å—Ç–∞–≤–ª—è–µ—Ç –≤—Ä–µ–º—è (–ø—Ä—è–º–∞—è, —Å–ø–∏—Ä–∞–ª—å –∏–ª–∏ –∫—Ä—É–≥-—Ü–∏–∫–ª)... –∏ –µ—â—ë –º–Ω–æ–≥–æ –¥—Ä—É–≥–æ–≥–æ –ø—Ä–µ–¥–º–µ—Ç–Ω–æ–≥–æ –¥–µ—Ç–∞–ª—å–Ω–æ-—Ä–∞–∑–æ–±—Ä–∞–Ω–Ω–æ–≥–æ —Ç–µ–æ—Ä–µ—Ç–∏—á–µ—Å–∫–æ–≥–æ –º–∞—Ç–µ—Ä–∏–∞–ª–∞. –ü—Ä–æ—Å—Ç–∏—Ç–µ –∑–∞ –∑–∞–≥—Ä—É–∑, –∏ –±—É–¥—É –∂–¥–∞—Ç—å –≤–µ—Ä–¥–∏–∫—Ç–∞-—Å–æ–≥–ª–∞—Å–∏—è –æ –≤–æ—Å—Ç—Ä–µ–±–æ–≤–∞–Ω–Ω–æ—Å—Ç–∏ –≤ –í–∞—à–µ–π –ø—Ä–µ—Ñ–µ–∫—Ç—É—Ä–µ –¥–∞–Ω–Ω–æ–≥–æ –æ–±—Ä–∞–∑–æ–≤–∞–Ω–∏—è. –ú–∏—Ä–æ–ø–æ–∫–æ—è –¥—É—à–µ. –û—Ç–Ω—ã–Ω–µ –∏ –ø—Ä–∏—Å–Ω–æ –í–∞—à –≤–µ—Ä–Ω–æ–ø–æ–¥–¥–∞–Ω—ã–π –∏ –ø–æ–∫–æ—Ä–Ω—ã–π —Å–ª—É–≥–∞. 
–°–≤–µ—Ç-–¥—É—à–∞, –Ω–∏—Å–∫–æ–ª—å–∫–æ –Ω–µ —Ö–æ—á—É –ª–∏—à–Ω–∏–º–∏ –∑–∞–±–æ—Ç–∞–º–∏ –í–∞—Å –ø–µ—Ä–µ–≥—Ä—É–∂–∞—Ç—å, –ø–æ—Ç–æ–º—É –±–ª–∞–≥–æ–¥–∞—Ä–µ–Ω –µ—Å—Ç—å –∏ –±—É–¥—É –ø—Ä–∏ –ª—é–±–æ–º –∏—Å—Ö–æ–¥–µ... –Ω–æ –∂–∞–∂–¥—É –≤–∑–∞–∏–º–æ–∏–Ω–∏—Ü–∏–∏—Ä–æ–≤–∞–Ω–Ω–æ–π –∫–æ–Ω—Å—Ç—Ä—É–∫—Ç–∏–≤–Ω–æ–π –ø–ª–æ–¥–æ—Ç–≤–æ—Ä–Ω–æ–π –≤—Å—Ç—Ä–µ—á–∏ —Å –º—É–¥—Ä–æ–π, —Å–ª–∞–¥–∫–æ–π –¥—É—à–æ–π, –µ—Å–ª–∏, –∫–æ–Ω–µ—á–Ω–æ –∂–µ, –í–∞—Å –∑–∞–∏–Ω—Ç–µ—Ä–µ—Å–æ–≤–∞–ª–∏ –≤—ã—à–µ –æ–∑–≤—É—á–µ–Ω–Ω—ã–µ —Ç–µ–º—ã...",post,post,1,10152415,28.11.1998,2,–±–ª–∞–≥–æ,1.0,,"24,6",2.0,,,,,,,,,,0
89,89,89,540718496,"—Ä–µ–±—è—Ç –ø–æ–º–æ–≥–∏—Ç–µ, –æ–±—â–∞–ª—Å—è —Å –¥–µ–≤—É—à–∫–æ–π, –æ–Ω–∞ —Å–∫–∏–Ω—É–ª–∞ –∫–∞—Ä—Ç–∏–Ω–∫—É –∏ —Ç—É—Ç –∂–µ –µ—ë —É–¥–∞–ª–∏–ª–∞, –∫–∞–∫ –º–Ω–µ –µ—ë –º–æ–∂–Ω–æ —Ç–µ–ø–µ—Ä—å —É–≤–∏–¥–µ—Ç—å? –ø–∏—à—É –∑–¥–µ—Å—å, –ø–æ—Ç–æ–º—É —á—Ç–æ –Ω–µ –∑–Ω–∞—é –≥–¥–µ —Å–ø—Ä–æ—Å–∏—Ç—å, –≥—É–≥–ª –Ω–µ –ø–æ–º–æ–≥–∞–µ—Ç, –µ—Å–ª–∏ –∑–Ω–∞–µ—Ç–µ –≥–¥–µ –º–æ–∂–Ω–æ —Å–ø—Ä–æ—Å–∏—Ç—å —Ç–∞–∫ –∂–µ –≤ –∫–æ–º–º–µ–Ω—Ç–∞—Ä–∏—è—Ö, –±—É–¥—É –ø—Ä–∏ –º–Ω–æ–≥–æ –±–ª–∞–≥–æ–¥–∞—Ä–µ–Ω",post,post,1,10143250,26.8.2001,2,–±–ª–∞–≥–æ,1.0,,"21,8",2.0,,,,,,,,,,1
90,90,90,540718496,"—Ä–µ–±—è—Ç –ø–æ–º–æ–≥–∏—Ç–µ, –æ–±—â–∞–ª—Å—è —Å –¥–µ–≤—É—à–∫–æ–π, –æ–Ω–∞ —Å–∫–∏–Ω—É–ª–∞ –∫–∞—Ä—Ç–∏–Ω–∫—É –∏ —Ç—É—Ç –∂–µ –µ—ë —É–¥–∞–ª–∏–ª–∞, –∫–∞–∫ –º–Ω–µ –µ—ë –º–æ–∂–Ω–æ —Ç–µ–ø–µ—Ä—å —É–≤–∏–¥–µ—Ç—å? –ø–∏—à—É –∑–¥–µ—Å—å, –ø–æ—Ç–æ–º—É —á—Ç–æ –Ω–µ –∑–Ω–∞—é –≥–¥–µ —Å–ø—Ä–æ—Å–∏—Ç—å, –≥—É–≥–ª –Ω–µ –ø–æ–º–æ–≥–∞–µ—Ç, –µ—Å–ª–∏ –∑–Ω–∞–µ—Ç–µ –≥–¥–µ –º–æ–∂–Ω–æ —Å–ø—Ä–æ—Å–∏—Ç—å —Ç–∞–∫ –∂–µ –≤ –∫–æ–º–º–µ–Ω—Ç–∞—Ä–∏—è—Ö, –±—É–¥—É –ø—Ä–∏ –º–Ω–æ–≥–æ –±–ª–∞–≥–æ–¥–∞—Ä–µ–Ω",post,post,1,10143014,26.8.2001,2,–±–ª–∞–≥–æ,1.0,,"21,8",2.0,,,,,,,,,,1
91,91,91,279521551,–ü–∞—Å–∏–±–∞ –ø–∞–ø–∞—à–∞,post,post,1,10101907,29.2.2004,2,–ø–∞—Å–∏–±–æ,1.0,,"19,3",2.0,,,,,,,,,,0
92,92,92,305314440,"–°–ø—Å –∑–∞ –∫–∞—Ä—Ç–∏–Ω–∫—É, —Ç–µ–ø–µ—Ä—å –≤–∞—Ç–Ω–∏–∫–∞–º –∏ –∫—Ä–µ–º–ª–µ–±–æ—Ç–∞–º –±—É–¥—É —Å–∫–∏–¥—ã–≤–∞—Ç—å –Ω–∞ –≤–æ–ø—Ä–æ—Å ""–∞ —à—Ç–æ –ª–∏—á–Ω–∞ —É —Ç–∏–±—è –ø—É—Ç–∏–Ω —É–∫—Ä–∞–ª—å?""",post,post,1,10096555,15.5.2005,2,—Å–ø—Å,1.0,,"18,1",2.0,,,,,,,,,,2
93,93,93,70744576,–±–µ–¥–Ω—ã—Ö —É–º–µ—Ä–ª–æ –≤ —Ä–∞–∑—ã –±–æ–ª—å—à–µ —á–µ–º –±–æ–≥–∞—Ç—ã—Ö/–∏–∑–≤–µ—Å—Ç–Ω—ã—Ö.–Ω—É –ø–æ—Å–º–æ—Ç—Ä–∏–º –∫–∞–∫ –æ–Ω–∏ –±–µ–∑ –±–µ–¥–Ω—ã—Ö –±—É–¥—É—Ç –±–æ–≥–∞—Ç—ã–º–∏ –∏ –∏–∑–≤–µ—Å—Ç–Ω—ã–º–∏.–¥–æ–ª–±–∞—ë–±—ã.–Ω–∞–π—Å –≤–∏—Ä—É—Å –ø–∏–Ω–¥–æ—Å—ã —Å–ø—Å,post,post,1,10066883,1.2.1993,2,—Å–ø—Å,1.0,,"30,4",3.0,,,,,,,,,,2
94,94,94,18207370,"–ü–∏–∑–¥–µ–∂!! –ö–∞–∂–¥—ã–π —Ä–∞–∑—É–º–Ω—ã–π —á–µ–ª–æ–≤–µ–∫ –¥—É–º–∞–µ—Ç, —á—Ç–æ –Ω–∞–¥–æ –Ω–∞–∑–¥–∞—Ç—å. –ê —Ç–µ –¥–∞—É–Ω—ã —á—Ç–æ –∏—Ö —É–Ω–∏—á—Ç–æ–∂–∞—é—Ç, –ø—Ä–æ—Å—Ç–æ –¥–ª—è –ß–ï–ì–û–û–û–û????–ß—Ç–æ –≤–∞–º –¥–∞—Å—Ç —ç—Ç–æ—Ç —Å—Ä–∞–Ω—ã–π —Ä–∞–∑–¥–∞–≤–ª–µ–Ω–Ω—ã–π —Å—ã—Ä? –î–∞–π –±–æ–º–∂—É, –æ–Ω –±–æ–ª—å—à–µ –±–ª–∞–≥–æ–¥–∞—Ä–µ–Ω –±—É–¥–µ—Ç",post,post,1,10065047,,2,–±–ª–∞–≥–æ,,,,,,,,,,,,,,2
95,95,95,177347325,–í–µ–∑–¥–µ –±—ã –∫–∞–∫ –≤ –ì–≤–∏–Ω–µ–∏? –ù–µ... –ü–∞—Å–∏–±–∞,post,post,1,10057652,,2,–ø–∞—Å–∏–±–æ,,,,,,,,,,,,,,2
96,96,96,533269613,"–û–æ–æ–æ–æ–æ —á–µ—Ä—Ç! –ü—Ä–µ–¥—Å—Ç–∞–≤–∏–ª –∫–∞–∫ –∂–µ–ª–µ–∑–Ω–∞—è –Ω–µ—Ä–Ω—è –≤–µ–¥—ë—Ç —á–µ–ª–æ–≤–µ–∫–∞ –≤ –≤–∏–ø–∫—É, —Ö–ª–æ–ø–∞–µ—Ç –∂–µ–ª–µ–∑–Ω–æ–π —Ä—É–∫–æ–π –ø–æ –∂–æ–ø–∫–µ –∏ —à–µ–ø—á–µ—Ç –Ω–∞ —É—Ö–æ: ""–ü–æ–π–¥—ë–º –∫–æ–∂–∞–Ω—ã–π —É–±–ª—é–¥–æ–∫ –ø–æ–∫–∞–∂–µ—à—å —á—Ç–æ —Ç—ã —É–º–µ–µ—à—å"".             
–°–∞–º–æ–º—É –ø–µ –ø–æ—Å–µ–±–µ —Å—Ç–∞–ª–æ –ø–æ–∫–∞ —ç—Ç–æ—Ç –±—Ä–µ–¥ –Ω–∞–ø–∏—Å–∞–ªü§¢üòúüòúüòú",post,post,1,10001746,3.2.1996,2,–ø–∞—Å–∏–±–æ,1.0,,"27,4",2.0,,,,,,,,,,0
97,97,97,90078098,"–†–µ–±—è—Ç, –≤—ã –≤—Å–µ –Ω–∞–≤–µ—Ä–Ω–æ–µ –∑–∞–º–µ—Ç–∏–ª–∏ , —á—Ç–æ –≤ –∫–æ–º–º–µ–Ω—Ç–∞—Ö –ø–æ—è–≤–ª—è—é—Ç—Å—è –æ–¥–Ω–∏ –∏ —Ç–µ –∂–µ –ª—é–¥–∏ , –∫–æ—Ç–æ—Ä—ã–µ –ø–∏—à—É—Ç –æ—Ç–∫—Ä–æ–≤–µ–Ω–Ω—É—é –≥–ª—É–ø–æ—Å—Ç—å , –≥—Ä—É–±—è—Ç –∏ —Ö–∞–º—è—Ç. –û–≥—Ä–æ–º–Ω–∞—è –ø—Ä–æ—Å—å–±–∞ –∫ –∞–¥–µ–∫–≤–∞—Ç–Ω–æ–π —á–∞—Å—Ç–∏ –ø–æ–¥–ø–∏—Å—á–∏–∫–æ–≤ –ø—Ä–æ—è–≤–ª—è—Ç—å –¥–≤–µ —Ç–∞–∫—Ç–∏–∫–∏ –ø–æ –∂–µ–ª–∞–Ω–∏—é . –ü–µ—Ä–≤–∞—è- –ù–ï –ö–û–†–ú–ò–¢–¨ –¢–†–û–õ–õ–ï–ô! –∏–º –∑–∞ —ç—Ç–æ –¥–µ–Ω—å–≥–∏ –ø–ª–∞—Ç—è—Ç –∏–ª–∏ –∂–µ –æ–Ω–∏ —Ç–∞–∫ –æ–ø—Ä–∞–≤–¥—ã–≤–∞—é—Ç —Å–æ–±—Å—Ç–≤–µ–Ω–Ω—É—é –Ω–∏—á—Ç–æ–∂–Ω–æ—Å—Ç—å. –≠—Ç–æ –Ω–æ—Ä–º–∞–ª—å–Ω–æ , –Ω—É–∂–Ω–æ –ø—Ä–æ—Å—Ç–æ –ø—Ä–∏–Ω—è—Ç—å , —á—Ç–æ —Ç–∞–∫–∏–µ –ª—é–¥–∏ –µ—Å—Ç—å –∏ –µ–¥–∏–Ω—Å—Ç–≤–µ–Ω–Ω–æ–µ —á—Ç–æ –æ–Ω–∏ –∑–∞—Å–ª—É–∂–∏–ª–∏ - –∏–≥–Ω–æ—Ä. –í—Ç–æ—Ä–∞—è —Ç–∞–∫—Ç–∏–∫–∞- –∂–∞–ª–æ–≤–∞—Ç—å—Å—è –ø–æ –ø—Ä–∏—á–∏–Ω–µ –æ—Å–∫–æ—Ä–±–ª–µ–Ω–∏–π , —Ä–∞–∑–∂–∏–≥–∞–Ω–∏—è –Ω–µ–Ω–∞–≤–∏—Å—Ç–∏ –∏–ª–∏ –ø—Ä–∏–∑—ã–≤–∞ –∫ —Å–∞–º–æ—É–±–∏–π—Å—Ç–≤—É , —ç–∫—Å—Ç—Ä–µ–º–∏–∑–º –∏—Ç–¥. –¢—É—Ç —É–∂–µ —Å–ª–æ–∂–Ω–µ–µ –∏ –Ω—É–∂–Ω–æ –≤—Å—Ç—É–ø–∞—Ç—å –≤ –¥–∏–∞–ª–æ–≥, –ø–æ—Å–ª–µ –∫–æ—Ç–æ—Ä–æ–≥–æ —Å–¥–µ–ª–∞–≤ —Å–∫—Ä–∏–Ω—à–æ—Ç –¥–æ–∫–∞–∑–∞—Ç–µ–ª—å—Å—Ç–≤–∞ –Ω–µ–≤–º–µ–Ω—è–µ–º–æ—Å—Ç–∏ –¥–∞–Ω–Ω–æ–≥–æ –ø–µ—Ä—Å–æ–Ω–∞–∂–∞ , –º–æ–∂–Ω–æ –∑–∞–π—Ç–∏ –Ω–∞ –µ–≥–æ —Å—Ç—Ä–∞–Ω–∏—Ü—É –∏ –ø–æ–¥ —Ñ–æ—Ç–æ–≥—Ä–∞—Ñ–∏–µ–π –Ω–∞–∂–∞—Ç—å –Ω–∞ —Ç—Ä–∏ —Ç–æ—á–∫–∏. –ë–ª–∞–≥–æ–¥–∞—Ä—é –∑–∞ –≤–Ω–∏–º–∞–Ω–∏–µ . –ü—Ä–∏–º–µ—Ä—ã –ø—Ä–æ–≤–æ–∫–∞—Ç–æ—Ä–æ–≤ –∏ –±–æ—Ç–æ–≤ - –≤—ã—à–µ –≤ –∫–æ–º–º–µ–Ω—Ç–∞—Ö –ê–ª–∏ –ú–∞–ª–æ–µ–≤, –ê–Ω—Ç–æ–Ω –ó–∞—Ä–æ–±–µ–ª–æ–≤, –í–∞–ª–æ–¥—è –ö–æ—Ç, –ó–∞—Ö–∞—Ä–∫–∞ –í–æ—Ö–º–∏–Ω, –í–ª–∞–¥–∏–º–∏—Ä –ú–∞—Ä–∫–≤–æ–≤, Wadimus Terrible, –ê–ª–µ–∫—Å–µ–π –ö–æ–Ω–æ–≤–∞–ª–æ–≤, Vladislav Katasonov, –ò–ª—å—è –°—Ç–µ–ø–∞–Ω–æ–≤, –ê–Ω–¥—Ä–µ–π –ö–æ–Ω–¥—Ä–∞—à–æ–≤, –í–∏—Ç–∞–ª–∏–π –ß–µ—Ä–¥–∞–∫–æ–≤, –Æ—Ä–∏–π –ß–µ–ø—É—Ä–∏–Ω, –ê–Ω–¥—Ä–µ–π –ê–Ω–¥—Ä–µ–µ–≤, Joseph Gordon-Levitt, –°—Ç–∞–Ω–∏—Å–ª–∞–≤ –•–∞—Ñ–∏–∑–æ–≤, –ú–∞–∫—Å–∏–º –ö—É–∑–∏–Ω, –î–º–∏—Ç—Ä–∏–π –î–º–∏—Ç—Ä–∏–µ–≤, –ò–≥–æ—Ä—å –ö–æ—Ä–µ—Ü–∫–∏–π, –í–∏—Ç–∞–ª–∏–π –ê–º—É—Ä–æ–≤, –í–ª–∞–¥–∏–º–∏—Ä –õ–æ–≥–∏–Ω–æ–≤, –Ø—Ä–æ—Å–ª–∞–≤ –ë–µ–ª—è–µ–≤, –î–º–∏—Ç—Ä–∏–π –†—É—Ö–ª–æ–≤, Elena Gulevich, –ö–æ–Ω—Å—Ç–∞–Ω—Ç–∏–Ω –î–æ–±—Ä–æ–Ω—Ä–∞–≤–æ–≤, –î–º–∏—Ç—Ä–∏–π –•–∞–∑–æ–≤, –ì—Ä–∏—à–∞ –ö–æ—á–µ—Ä–≥–∏–Ω, –í–ª–∞–¥–∏–º–∏—Ä –ü—É—Ç–∏–Ω, –î–º–∏—Ç—Ä–∏–π –ü–µ—Å–∫–æ–≤, –ö–∏—Ä–∏–ª–ª –ì—É–Ω–¥—è–µ–≤, –°–µ—Ä–≥–µ–π –ë–µ–∑—Ä—É–∫–æ–≤, –ï–≥–æ—Ä –ö–æ–Ω–æ–≤–∞–ª–æ–≤, –ò–≤–∞–Ω –ù–æ—Å–æ–≤, –°–µ—Ä–≥–µ–π –ò–≤–∞–Ω–æ–≤, –î–µ–Ω–∏—Å –ò–≤–∞–Ω–æ–≤, –í–ª–∞–¥–∏—Å–ª–∞–≤ –ê–≥–∞–ª—å—Ü–µ–≤, –ú–∏—Ö–∞–∏–ª –ö–ª–∏–º–∏–Ω, –î–º–∏—Ç—Ä–∏–π –õ–∏—Ç–≤–∏–Ω",post,post,1,9945192,12.9,2,–±–ª–∞–≥–æ,,,,,,,,,,,,,,2
98,98,98,351426229,"–±–æ–≥: –Ω–µ —Å—É—â–µ—Å—Ç–≤—É–µ—Ç
–ª—é–¥–∏: —Ö–∞—á—é —Å–∫–∞–∑–∞—Ç—å –±–ª–∞–≥–∞–¥–∞—Ä—é –∏ –≥–∞–≤–∞—Ä—é –º–µ—Ä—Å–∏",post,post,1,9942450,7.11,2,–º–µ—Ä—Å–∏,,,,,,,,,,,,,,0
99,99,99,3860562,"–£–≤–∞–∂–∞–µ–º—ã–µ –û–ª—å–≥–∏–Ω—Ü—ã, —Å–ø—Å —á—Ç–æ –ø–æ–º–Ω–∏—Ç–µ –æ –ê–ª–µ–∫—Å–µ–µ. –ó–Ω–∞—á–∏—Ç –≥–æ—Ä–∏—Ç —É –≤–∞—Å –∞–Ω—É—Å, –Ω–∞–¥–æ –æ—Ç—Ä–∞–±–∞—Ç—ã–≤–∞—Ç—å —Ä—É–ø–∏–∏. –ú–∏—Ä–∞ –≤–∞–º.",post,post,1,9934743,17.7,2,—Å–ø—Å,,,,,,,,,,,,,,2
100,100,100,90078098,"–†–µ–±—è—Ç, –≤—ã –≤—Å–µ –Ω–∞–≤–µ—Ä–Ω–æ–µ –∑–∞–º–µ—Ç–∏–ª–∏ , —á—Ç–æ –≤ –∫–æ–º–º–µ–Ω—Ç–∞—Ö –ø–æ—è–≤–ª—è—é—Ç—Å—è –æ–¥–Ω–∏ –∏ —Ç–µ –∂–µ –ª—é–¥–∏ , –∫–æ—Ç–æ—Ä—ã–µ –ø–∏—à—É—Ç –æ—Ç–∫—Ä–æ–≤–µ–Ω–Ω—É—é –≥–ª—É–ø–æ—Å—Ç—å , –≥—Ä—É–±—è—Ç –∏ —Ö–∞–º—è—Ç. –û–≥—Ä–æ–º–Ω–∞—è –ø—Ä–æ—Å—å–±–∞ –∫ –∞–¥–µ–∫–≤–∞—Ç–Ω–æ–π —á–∞—Å—Ç–∏ –ø–æ–¥–ø–∏—Å—á–∏–∫–æ–≤ –ø—Ä–æ—è–≤–ª—è—Ç—å –¥–≤–µ —Ç–∞–∫—Ç–∏–∫–∏ –ø–æ –∂–µ–ª–∞–Ω–∏—é . –ü–µ—Ä–≤–∞—è- –ù–ï –ö–û–†–ú–ò–¢–¨ –¢–†–û–õ–õ–ï–ô! –∏–º –∑–∞ —ç—Ç–æ –¥–µ–Ω—å–≥–∏ –ø–ª–∞—Ç—è—Ç –∏–ª–∏ –∂–µ –æ–Ω–∏ —Ç–∞–∫ –æ–ø—Ä–∞–≤–¥—ã–≤–∞—é—Ç —Å–æ–±—Å—Ç–≤–µ–Ω–Ω—É—é –Ω–∏—á—Ç–æ–∂–Ω–æ—Å—Ç—å. –≠—Ç–æ –Ω–æ—Ä–º–∞–ª—å–Ω–æ , –Ω—É–∂–Ω–æ –ø—Ä–æ—Å—Ç–æ –ø—Ä–∏–Ω—è—Ç—å , —á—Ç–æ —Ç–∞–∫–∏–µ –ª—é–¥–∏ –µ—Å—Ç—å –∏ –µ–¥–∏–Ω—Å—Ç–≤–µ–Ω–Ω–æ–µ —á—Ç–æ –æ–Ω–∏ –∑–∞—Å–ª—É–∂–∏–ª–∏ - –∏–≥–Ω–æ—Ä. –í—Ç–æ—Ä–∞—è —Ç–∞–∫—Ç–∏–∫–∞- –∂–∞–ª–æ–≤–∞—Ç—å—Å—è –ø–æ –ø—Ä–∏—á–∏–Ω–µ –æ—Å–∫–æ—Ä–±–ª–µ–Ω–∏–π , —Ä–∞–∑–∂–∏–≥–∞–Ω–∏—è –Ω–µ–Ω–∞–≤–∏—Å—Ç–∏ –∏–ª–∏ –ø—Ä–∏–∑—ã–≤–∞ –∫ —Å–∞–º–æ—É–±–∏–π—Å—Ç–≤—É , —ç–∫—Å—Ç—Ä–µ–º–∏–∑–º –∏—Ç–¥. –¢—É—Ç —É–∂–µ —Å–ª–æ–∂–Ω–µ–µ –∏ –Ω—É–∂–Ω–æ –≤—Å—Ç—É–ø–∞—Ç—å –≤ –¥–∏–∞–ª–æ–≥, –ø–æ—Å–ª–µ –∫–æ—Ç–æ—Ä–æ–≥–æ —Å–¥–µ–ª–∞–≤ —Å–∫—Ä–∏–Ω—à–æ—Ç –¥–æ–∫–∞–∑–∞—Ç–µ–ª—å—Å—Ç–≤–∞ –Ω–µ–≤–º–µ–Ω—è–µ–º–æ—Å—Ç–∏ –¥–∞–Ω–Ω–æ–≥–æ –ø–µ—Ä—Å–æ–Ω–∞–∂–∞ , –º–æ–∂–Ω–æ –∑–∞–π—Ç–∏ –Ω–∞ –µ–≥–æ —Å—Ç—Ä–∞–Ω–∏—Ü—É –∏ –ø–æ–¥ —Ñ–æ—Ç–æ–≥—Ä–∞—Ñ–∏–µ–π –Ω–∞–∂–∞—Ç—å –Ω–∞ —Ç—Ä–∏ —Ç–æ—á–∫–∏. –ë–ª–∞–≥–æ–¥–∞—Ä—é –∑–∞ –≤–Ω–∏–º–∞–Ω–∏–µ . –ü—Ä–∏–º–µ—Ä—ã –ø—Ä–æ–≤–æ–∫–∞—Ç–æ—Ä–æ–≤ –∏ –±–æ—Ç–æ–≤ - –≤—ã—à–µ –≤ –∫–æ–º–º–µ–Ω—Ç–∞—Ö –ê–ª–∏ –ú–∞–ª–æ–µ–≤, –ê–Ω—Ç–æ–Ω –ó–∞—Ä–æ–±–µ–ª–æ–≤, –í–∞–ª–æ–¥—è –ö–æ—Ç, –ó–∞—Ö–∞—Ä–∫–∞ –í–æ—Ö–º–∏–Ω, –í–ª–∞–¥–∏–º–∏—Ä –ú–∞—Ä–∫–≤–æ–≤, Wadimus Terrible, –ê–ª–µ–∫—Å–µ–π –ö–æ–Ω–æ–≤–∞–ª–æ–≤, Vladislav Katasonov, –ò–ª—å—è –°—Ç–µ–ø–∞–Ω–æ–≤, –ê–Ω–¥—Ä–µ–π –ö–æ–Ω–¥—Ä–∞—à–æ–≤, –í–∏—Ç–∞–ª–∏–π –ß–µ—Ä–¥–∞–∫–æ–≤, –Æ—Ä–∏–π –ß–µ–ø—É—Ä–∏–Ω, –ê–Ω–¥—Ä–µ–π –ê–Ω–¥—Ä–µ–µ–≤, Joseph Gordon-Levitt, –°—Ç–∞–Ω–∏—Å–ª–∞–≤ –•–∞—Ñ–∏–∑–æ–≤, –ú–∞–∫—Å–∏–º –ö—É–∑–∏–Ω, –î–º–∏—Ç—Ä–∏–π –î–º–∏—Ç—Ä–∏–µ–≤, –ò–≥–æ—Ä—å –ö–æ—Ä–µ—Ü–∫–∏–π",post,post,1,9928898,12.9,2,–±–ª–∞–≥–æ,,,,,,,,,,,,,,2
101,101,101,20273860,"–ë–ª–∞–≥–æ–¥–∞—Ä—é –≤—Å–µ—Ö –º–∏—Ç–∏–Ω–≥—É—é—â–∏—Ö –≤ –ë–µ–ª–∞—Ä—É—Å–∏ –∑–∞ –ø—Ä–æ–¥–µ–ª–∞–Ω–Ω—É—é —Ä–∞–±–æ—Ç—É!!!!–≤ –±—É–¥—É—â–µ–º –≤–∞—Å –∂–¥—ë—Ç —Ä—É—Ö–Ω—É–≤—à–∞—è —ç–∫–æ–Ω–æ–º–∏–∫–∞,—Ä–∞–∑–≤–∞–ª –∑–∞–≤–æ–¥–æ–≤ –∏ –ø—Ä–µ–¥–ø—Ä–∏—è—Ç–∏–π....",post,post,1,9895188,,2,–±–ª–∞–≥–æ,,,,,,,,,,,,,,1
102,102,102,507940563,"–Ø –±–ª–∞–≥–æ–¥–∞—Ä–Ω–∞ –≤—Å–µ–º –∫—Ç–æ –ø–æ–¥–¥–µ—Ä–∂–∏–≤–∞–µ—Ç –Ω–∞—Å, –±–µ–ª–æ—Ä—É—Å–æ–≤. –ú—ã –Ω–µ —Å–¥–∞–¥–∏–º—Å—è, —Ä–∞–¥–∏ –ª—É—á—à–µ–≥–æ –±—É–¥—É—â–µ–≥–æ –∏ —ç—Ç–æ –Ω–µ –º–∞–π–¥–∞–Ω, –º—ã –ø—Ä–æ—Ç–µ—Å—Ç—É–µ–º –º–∏—Ä–Ω–æ, –∞–≥—Ä–µ—Å—Å–∏—è –∏—Å—Ö–æ–¥–∏—Ç –ª–∏—à—å –æ—Ç –ø—Ä–æ–≤–æ–∫–∞—Ç–æ—Ä–æ–≤ –∏ –æ–º–æ–Ω–æ–≤—Ü–µ–≤. –ï—Å–ª–∏ –ø—Ä–æ—Å—Ç—ã–µ –ª—é–¥–∏ –∏ –Ω–∞—á–∏–Ω–∞—é—Ç –∫–∞–∫-—Ç–æ –ø—Ä–æ—è–≤–ª—è—Ç—å –∞–≥—Ä–µ—Å—Å–∏—é, —Ç–æ –ª–∏—à—å —á—Ç–æ–±—ã –∑–∞—â–∏—Ç–∏—Ç—å—Å—è –æ—Ç –¥–µ–π—Å—Ç–≤–∏–π ""—Å–ª—É–∂–∏—Ç–µ–ª–µ–π –∑–∞–∫–æ–Ω–∞"" –∫–æ—Ç–æ—Ä—ã–µ –Ω–µ –∂–∞–ª–µ—è –Ω–∏–∫–æ–≥–æ –∏–∑–±–∏–≤–∞—é—Ç  –¥–æ –ø–æ–ª—É—Å–º–µ—Ä—Ç–∏.
–ò —Ç–∞–∫–∂–µ  –≤–æ—Å—Ö–∏—â–∞—é—Å—å –∂–∏—Ç–µ–ª—è–º–∏ –•–∞–±–∞—Ä–æ–≤—Å–∫–∞, –∏—Ö –Ω–µ —Å–ª—ã—à–∞—Ç, –Ω–æ –æ–Ω–∏ –Ω–µ —Å–¥–∞—é—Ç—Å—è, —É–∂–µ –±–æ–ª—å—à–µ –º–µ—Å—è—Ü–∞, —ç—Ç–æ –¥–æ—Å—Ç–æ–π–Ω–æ —É–≤–∞–∂–µ–Ω–∏—è!",post,post,1,9884591,21.10,1,–±–ª–∞–≥–æ,,,,,,,,,,,,,,1
103,103,103,39170469,"–£–≤–∞–∂–∞–µ–º—ã–µ,—è —ç—Ç—É –ø–∏–∫—á—É —Ç—ã—Å—è—á—É —Ä–∞–∑ –≤–∏–¥–µ–ª,–∏ –∏–º–µ–Ω–Ω–æ —Å–µ–π—á–∞—Å –º–æ–π –º–æ–∑–≥ –∑–∞–∏–Ω—Ç–µ—Ä–µ—Å–æ–≤–∞–ª—Å—è,–∫—Ç–æ –∂–µ –∏–∑–æ–±—Ä–∞–∂—ë–Ω –Ω–∞ —ç—Ç–æ–º –º–µ–º–µ?–ë—É–¥—É –±–ª–∞–≥–æ–¥–∞—Ä–µ–Ω –∑–∞ –æ—Ç–≤–µ—Ç)",post,post,1,9846394,,2,–±–ª–∞–≥–æ,,,,,,,,,,,,,,1
104,104,104,590711105,–¢–æ–ª—å–∫–æ –≤ –≥–æ–ª–æ–≤–µ –ø–æ–¥–ø–µ–≤–∞–ª —ç—Ç—É –ø–µ—Å–Ω—é... ¬´–§–°–ë¬ª –±–ª–∞–≥–æ–¥–∞—Ä—é –∑–∞ —Ç–∞–∫—É—é –≤–Ω–∏–º–∞—Ç–µ–ª—å–Ω–æ—Å—Ç—å.,post,post,1,9826379,1.1.2002,2,–±–ª–∞–≥–æ,1.0,,"21,5",2.0,,,,,,,,,,1
105,105,105,70744576,–æ—Ö—É–µ–Ω–Ω–æ —Ç—É–ø–∞—è –∏–Ω—Ñ–∞ —Å–ø—Å —Ä—É—Å–æ—Ñ–æ–±—Å–∫–∏–π –≥–Ω–∏–ª–æ–π –ø–∞–±–ª–∏–∫,post,post,1,9823525,1.2.1993,2,—Å–ø—Å,1.0,,"30,4",3.0,,,,,,,,,,2
106,106,106,20587632,–ë–ª–∞–≥–æ–¥–∞—Ä—é –≤–∞—Å —Ö–∞–±–∞—Ä–æ–≤—á–∞–Ω–µ!ü§ù,post,post,1,9802308,30.9.1995,2,–±–ª–∞–≥–æ,1.0,,"27,8",2.0,,,,,,,,,,0
107,107,107,53082050,"–†–æ—Å—Å–∏—è –¥–æ–ª–∂–Ω–∞ –±—ã—Ç—å –±–ª–∞–≥–æ–¥–∞—Ä–Ω–∞ –ê–º–µ—Ä–∏–∫–µ –∑–∞ –ø—Ä–æ—Ç–µ—Å—Ç—ã, –∫–æ—Ç–æ—Ä—ã–µ —Ç–∞–º –∏–¥—É—Ç. –ò–Ω–∞—á–µ –æ–ø—è—Ç—å –±—ã –ø—Ä–∏—à–ª–æ—Å—å —Ä–∞—Å—Å–∫–∞–∑—ã–≤–∞—Ç—å –ø—Ä–æ –£–∫—Ä–∞–∏–Ω—É.",post,post,1,9738414,,2,–±–ª–∞–≥–æ,,,,,,,,,,,,,,0
108,108,108,159788826,"–†–µ–±—è—Ç, –æ–≥—Ä–æ–º–Ω–∞—è –ø—Ä–æ—Å—å–±–∞: —É–±–µ—Ä–∏—Ç–µ –Ω–∞–¥–ø–∏—Å—å —Å–≤–µ—Ä—Ö—É –æ—Å—Ç–∞–≤—å—Ç–µ —Ç–æ–ª—å–∫–æ –ø–ª–∞–∫–∞—Ç. –ó–∞—Ä–∞–Ω–µ–µ –±–ª–∞–≥–æ–¥–∞—Ä—é",post,post,1,9719816,6.2.2000,2,–±–ª–∞–≥–æ,1.0,,"23,4",2.0,,,,,,,,,,0
109,109,109,116985223,"–û—Ü–µ–Ω–∏—Ç–µ –ø–ª–µ–π–ª–∏—Å—Ç —Ä–µ–±—è—Ç, –±—É–¥—É –±–ª–∞–≥–æ–¥–∞—Ä–µ–Ω –∫–∞–∂–¥–æ–º—Éüòâ",post,post,1,9679517,15.10,2,–±–ª–∞–≥–æ,,,,,,,,,,,,,,1
110,110,110,146196936,–≤—Å–ø–æ–º–Ω–∏–ª - —Å–ø—Å –ø–æ—Å—Ç—É –∑–∞ —Ç–æ —á—Ç–æ –¥–∞–ª–∏ –Ω–∞–¥–µ–∂–¥—É –∫–∞–∫—Ç—É—Å—É –∫–æ—Ç–æ—Ä—ã–π —É–∂–µ –Ω–µ–¥–µ–ª–∏ –¥–≤–µ –Ω–µ–ø–æ–ª–∏—Çüò¨,post,post,1,9679037,21.10.1995,2,—Å–ø—Å,1.0,,"27,7",2.0,,,,,,,,,,1
111,111,111,567387693,–ü–∞—Å–∏–±),post,post,1,9660357,26.1,2,–ø–∞—Å–∏–±–æ,,,,,,,,,,,,,,0
112,112,112,146196936,–Ω—É —Å–ø—Å - —Ç–µ–ø–µ—Ä—å –≤—Å–µ –Ω–µ–Ω–∞–≤–∏–¥—è—Ç —á–µ—Ä–Ω—ã—Öü§°üëçüèª,post,post,1,9646204,21.10.1995,2,—Å–ø—Å,1.0,,"27,7",2.0,,,,,,,,,,2
113,113,113,5364661,"–õ—é–¥–∏ –Ω–∞–∑—ã–≤–∞—é—Ç: –ö–∏—Ä–∏–ª–ª–∏—Ü–∞.
–ú–µ—Ñ–æ–¥–∏–π:""–ù—É –¥–∞,–Ω—É –¥–∞,–ø–æ—à—ë–ª —è –Ω–∞ —Ö–µ—Ä""

UPD: –°–ø—Å –∑–∞ –ª–∞–π–∫–∏ –±—Ä–∞—Ç–≤–∞. –ö–æ–º—É –Ω—Ä–∞–≤–∏—Ç—Å—è —Ä–æ–∫-–º—É–∑–æ–Ω –∏–ª–∏ –≤–µ–¥—å–º–∞–∫, –ø–æ–¥–ø–∏—Å—ã–≤–∞–π—Ç–µ—Å—å –Ω–∞ –º–æ–π –∫–∞–Ω–∞–ª",post,post,1,9610144,,2,—Å–ø—Å,,,,,,,,,,,,,,2
114,114,114,277811441,–û—Ä–∏–≥–∏–Ω–∞–ª —Ñ–æ—Ç–æ–≥—Ä–∞—Ñ–∏–∏ –≤ –ø–æ—Å—Ç–µ –º–æ–∂–Ω–æ. –ë–ª–∞–≥–æ–¥–∞—Ä—é,post,post,1,9511574,,2,–±–ª–∞–≥–æ,,,,,,,,,,,,,,0
115,115,115,112689354,"–í—ã–∑—ã–≤–∞—é –ø–æ—è—Å–Ω–∏—Ç–µ–ª—å–Ω—É—é –±—Ä–∏–≥–∞–¥—É –æ—Ç–Ω–æ—Å–∏—Ç–µ–ª—å–Ω–æ –æ—Ç–∫—É–¥–∞ –∏ –æ—Ç –∫–æ–≥–æ –≤–æ–∑–Ω–∏–∫–ª–∞ —ç—Ç–∞ —Ñ—Ä–∞–∑–∞ ¬´–ù–∞ —Å–ª–æ–≤–∞—Ö —Ç—ã –õ–µ–≤ –¢–æ–ª—Å—Ç–æ–π, –∞ –Ω–∞ –¥–µ–ª–µ —Ö –ø—Ä–æ—Å—Ç–æ–π¬ª! –ó–∞—Ä–∞–Ω–µ–µ –±–ª–∞–≥–æ–¥–∞—Ä—é ))))))))))",post,post,1,9510669,,1,–±–ª–∞–≥–æ,,,,,,,,,,,,,,1
116,116,116,268504886,"–†–µ—à–∏–ª–∞ –ø—Ä–æ–≤–µ—Å—Ç–∏ —Ç–∞–∫–æ–π —ç–∫—Å–ø–µ—Ä–∏–º–µ–Ω—Ç –∏ —Å–æ–±—Ä–∞—Ç—å —Å–æ–±—Å—Ç–≤–µ–Ω–Ω—É—é —Å—Ç–∞—Ç–∏—Å—Ç–∏–∫—É –ø–æ –≥–æ–ª–æ—Å–æ–≤–∞–Ω–∏—é –æ –ø–æ–ø—Ä–∞–≤–∫–∞—Ö –∫–æ–Ω—Å—Ç–∏—Ç—É—Ü–∏–∏. –•–æ—Ç–µ–ª–æ—Å—å –±—ã –æ–ø—Ä–æ—Å–∏—Ç—å –∫–∞–∫ –º–æ–∂–Ω–æ –±–æ–ª—å—à–µ –ª—é–¥–µ–π, –ø–æ—ç—Ç–æ–º—É –∑–∞ —Ä–µ–ø–æ—Å—Ç –±—É–¥—É –±–ª–∞–≥–æ–¥–∞—Ä–Ω–∞ üòä –û–ø—Ä–æ—Å –Ω–∞ –º–æ–µ–π ct—Äa–Ω–∏—Üe.",post,post,1,9481817,5.4.1988,1,–±–ª–∞–≥–æ,1.0,,"35,2",3.0,,,,,,,,,,0
117,117,117,268504886,"–†–µ—à–∏–ª–∞ –ø—Ä–æ–≤–µ—Å—Ç–∏ —Ç–∞–∫–æ–π —ç–∫—Å–ø–µ—Ä–∏–º–µ–Ω—Ç –∏ —Å–æ–±—Ä–∞—Ç—å —Å–æ–±—Å—Ç–≤–µ–Ω–Ω—É—é —Å—Ç–∞—Ç–∏—Å—Ç–∏–∫—É –ø–æ –≥–æ–ª–æ—Å–æ–≤–∞–Ω–∏—é –æ –ø–æ–ø—Ä–∞–≤–∫–∞—Ö –∫–æ–Ω—Å—Ç–∏—Ç—É—Ü–∏–∏. –•–æ—Ç–µ–ª–æ—Å—å –±—ã –æ–ø—Ä–æ—Å–∏—Ç—å –∫–∞–∫ –º–æ–∂–Ω–æ –±–æ–ª—å—à–µ –ª—é–¥–µ–π, –ø–æ—ç—Ç–æ–º—É –∑–∞ —Ä–µ–ø–æ—Å—Ç –±—É–¥—É –±–ª–∞–≥–æ–¥–∞—Ä–Ω–∞ üòä –û–ø—Ä–æ—Å –Ω–∞ –º–æ–µ–π —Å—Ç—Ä–∞–Ω–∏—Ü–µ.",post,post,1,9441325,5.4.1988,1,–±–ª–∞–≥–æ,1.0,,"35,2",3.0,,,,,,,,,,0
118,118,118,598872576,"–†–µ–±—è—Ç,—Å–∫–∏–Ω—å—Ç–µ –¥–µ–Ω–µ–≥ –Ω–∞ —Å–∏–≥–∞—Ä–µ—Ç—ã,–∑–∞—Ä–∞–Ω–µ–µ –±–ª–∞–≥–æ–¥–∞—Ä—é üôè",post,post,1,9438724,10.4.1998,2,–±–ª–∞–≥–æ,1.0,,"25,2",2.0,,,,,,,,,,1
119,119,119,29079584,–•–æ—Ç—å —Å —É–∫—Ä–∞–∏–Ω–æ–π –∑–∞–º–æ–ª–∫–ª–∏. –°–ø—Å –Ω–µ–≥—Ä–∞–º,post,post,1,9436684,20.8.1984,2,—Å–ø—Å,1.0,,"38,9",3.0,,,,,,,,,,2
120,120,120,335900456,"–û—Å—Ç–∞–ª–æ—Å—å –ø–∞—Ä—É –º–µ—Å—è—Ü–µ–≤, –∏ —è —Å–≤–æ–±–æ–¥–µ–Ω.
–ü–æ —Ä–∞–¥—É–π—Ç–µ—Å—å –∑–∞ –º–µ–Ω—è. –°–ø—Å",post,post,1,9422411,31.12.1994,2,—Å–ø—Å,1.0,,"28,5",2.0,,,,,,,,,,1
121,121,121,366944606,–ú–º–º –∫–∞–∫ –∂–µ –ø–æ—Ö–µ—Ä. –°–ø—Å –∑–∞ –ø–æ—Å—Ç,post,post,1,9406414,,2,—Å–ø—Å,,,,,,,,,,,,,,2
122,122,122,53071566,–°–ø—Å —á—Ç–æ –Ω–∞–ø–æ–º–Ω–∏–ª–∏ –∏–º –ø—Ä–æ —ç—Ç–æ—Ç –∫–∏–Ω—á–∏–∫!,post,post,1,9375585,,2,—Å–ø—Å,,,,,,,,,,,,,,0
123,123,123,185720133,–°–∫–∞–∂–∏ —Å–ø—Å —á—Ç–æ –∞–∫—É–º—ã –Ω–µ –ø–æ–≤—Ä–µ–¥–∏–ª–∏—Å—å,post,post,1,9360544,,2,—Å–ø—Å,,,,,,,,,,,,,,0
124,124,124,525714236,—Ç–µ–Ω–¥–µ—Ä–ª–∏–±–∞–π —Å–ø—Å –∑–∞ —Ä–æ—Å–ø–∏—Å—å,post,post,1,9325888,18.11.2001,2,—Å–ø—Å,1.0,1.0,,,,,,,,,,,,0
125,125,125,525714236,–º–æ—Ä–≥–µ–Ω—à—Ç–µ—Ä–Ω —Å–ø—Å –∑–∞ —Ä–æ—Å–ø–∏—Å—å,post,post,1,9325747,18.11.2001,2,—Å–ø—Å,1.0,,"21,6",2.0,,,,,,,,,,0
126,126,126,525714236,–º–æ—Ä–≥–µ–Ω—à—Ç–µ—Ä–Ω —Å–ø—Å –∑–∞ —Ä–æ—Å–ø–∏—Å—å,post,post,1,9325611,18.11.2001,2,—Å–ø—Å,1.0,,"21,6",2.0,,,,,,,,,,0
127,127,127,577314339,–ú–µ—Ä—Å–∏ –∞–¥–º–∏–Ω. –Ø –ø–æ—Ä–∂–∞–ª,post,post,1,9187476,1.1.1979,1,–º–µ—Ä—Å–∏,,,,,,,,,,,,,,1
128,128,128,37904416,"–ü–æ—Å–æ–≤–µ—Ç—É–π—Ç–µ –æ–Ω–∏–º–µ –Ω–æ–≤–∏—á–∫—É(–†–ï–î: –ø–∞—Å–µ–± –Ω–∞—Ä–æ–¥ –∑–∞ —Å–æ–≤–µ—Ç—ã –Ω–æ —ç—Ç —à—É—Ç–∫–∞, —Å–≤—è–∑–∞–Ω–Ω–∞—è —Å –ø—Ä–∏–∫–æ–ª–æ–º –æ–¥–Ω–∏–º)",post,post,1,9180396,4.9.2002,2,–ø–∞—Å–∏–±–æ,1.0,,"20,8",2.0,,,,,,,,,,0
129,129,129,457576075,"–ü–æ—Å–ª–µ–¥–Ω–∏–µ —Ç—Ä–∏ —Å–ª–æ–≤–∞ –ª–∏—à–Ω–∏–µ, –æ—Å–æ–±–µ–Ω–Ω–æ –º–µ—Ä—Å–∏",post,post,1,9173305,6.7,2,–º–µ—Ä—Å–∏,,,,,,,,,,,,,,0
130,130,130,49045254,"–ü–∞—Å–∏–±–æ —Ç–µ–±–µ –ö–∏—Ç–∞–π –∑–∞ –≤–∏—Ä—É—Å, –∑–∞ –∫–∞—Ä–∞–Ω—Ç–∏–Ω, –∑–∞ —à—Ç—Ä–∞—Ñ—ã, –∑–∞ –∏–∑–æ–ª—è—Ü–∏—é. –ú–Ω–µ –∂–µ –∫ –ª–µ—Ç—É —Ç–æ–ª—å–∫–æ –Ω–µ —Ö–≤–∞—Ç–∞–ª–æ –≤—Å–µ–≥–æ —ç—Ç–æ–≥–æ... –ù—É –∏ —Ç–≤–æ–µ–≥–æ —Ñ–ª–∞–≥–∞ –Ω–∞ –∫–æ–ª–µ—Å–µ.",post,post,1,9164379,24.5,2,–ø–∞—Å–∏–±–æ,,,,,,,,,,,,,,0
131,131,131,566623833,–°–∫–∏–Ω—å—Ç–µ –≥–∏–≥–æ–≤ —Ç–µ–ª–µ2 –∫–æ–º—É –Ω–µ –∂–∞–ª–∫–æ.. 89537505463 –±—É–¥—É –±–ª–∞–≥–æ–¥–∞—Ä–Ω–∞,post,post,1,9144455,21.2.2000,2,–±–ª–∞–≥–æ,1.0,,"23,4",2.0,,,,,,,,,,1
132,132,132,585004680,"–ö—Ç–æ –º–æ–∂–µ—Ç —Å–∫–∏–Ω—É—Ç—å –ø–∞—Ä—É –≥–±, –±—É–¥—É –±–ª–∞–≥–æ–¥–∞—Ä–µ–Ω
–ù–∞ —Ç–µ–ª–µ 2
–ú–æ–∂–µ—Ç —á–µ–º –Ω–∏–±—É–¥—å –æ—Ç–±–ª–∞–≥–æ–¥–∞—Ä—é)
–ó–∞ –Ω–æ–º–µ—Ä–æ–º –≤ –ª—Å‚ù§",post,post,1,9111708,6.6.2000,1,–±–ª–∞–≥–æ,1.0,,"23,1",2.0,,,,,,,,,,1
133,133,133,5953979,"–ù–∞–ø–æ–º–Ω–∏–ª–æ:
""–ó–¥—Ä–∞–≤—Å—Ç–≤—É–π—Ç–µ, —è –º–æ–ª–¥–∞–≤—Å–∫–∏–π –≤–∏—Ä—É—Å. –ü–æ –ø—Ä–∏—á–∏–Ω–µ —É–∂–∞—Å–Ω–æ–π –±–µ–¥–Ω–æ—Å—Ç–∏ –º–æ–µ–≥–æ —Å–æ–∑–¥–∞—Ç–µ–ª—è –∏ –Ω–∏–∑–∫–æ–≥–æ —É—Ä–æ–≤–Ω—è —Ä–∞–∑–≤–∏—Ç–∏—è —Ç–µ—Ö–Ω–æ–ª–æ–≥–∏–π –≤ –Ω–∞—à–µ–π —Å—Ç—Ä–∞–Ω–µ —è –Ω–µ —Å–ø–æ—Å–æ–±–µ–Ω –ø—Ä–∏—á–∏–Ω–∏—Ç—å –∫–∞–∫–æ–π-–ª–∏–±–æ –≤—Ä–µ–¥ –í–∞—à–µ–º—É –∫–æ–º–ø—å—é—Ç–µ—Ä—É. –ü–æ—ç—Ç–æ–º—É –æ—á–µ–Ω—å –ø—Ä–æ—à—É –í–∞—Å, –ø–æ–∂–∞–ª—É–π—Å—Ç–∞, —Å–∞–º–∏ —Å–æ—Ç—Ä–∏—Ç–µ –∫–∞–∫–æ–π-–Ω–∏–±—É–¥—å –≤–∞–∂–Ω—ã–π –¥–ª—è –í–∞—Å —Ñ–∞–π–ª, –∞ –ø–æ—Ç–æ–º —Ä–∞–∑–æ—à–ª–∏—Ç–µ –º–µ–Ω—è –ø–æ –ø–æ—á—Ç–µ –¥—Ä—É–≥–∏–º –∞–¥—Ä–µ—Å–∞—Ç–∞–º. –ó–∞—Ä–∞–Ω–µ–µ –±–ª–∞–≥–æ–¥–∞—Ä—é –∑–∞ –ø–æ–Ω–∏–º–∞–Ω–∏–µ –∏ —Å–æ—Ç—Ä—É–¥–Ω–∏—á–µ—Å—Ç–≤–æ.",post,post,1,9078031,10.6.1985,2,–±–ª–∞–≥–æ,1.0,,"38,1",3.0,,,,,,,,,,2
134,134,134,8394716,"–ù—É –≤–æ—Ç,–∫–æ–º—É –∏–Ω—Ç–µ—Ä–µ—Å–Ω–æ –ø–æ—á–∏—Ç–∞—Ç—å –±—É–¥–µ—Ç.—Å–∏—Ç—É–∞—Ü–∏—è —Å —Ç–æ—á–Ω–æ—Å—Ç—å—é –Ω–∞–æ–±–æ—Ä–æ—Ç.–ó–∞—Ö–æ–∂—É —É—Ç—Ä–æ–º –ø–µ—Ä–µ–¥ —Ä–∞–±–æ—Ç–æ–π –≤ —Å—É–ø–µ—Ä–º–∞—Ä–∫–µ—Ç –∑–∞ –±–∞–Ω–æ—á–∫–æ–π —ç–Ω–µ—Ä–≥–µ—Ç–∏–∫–∞.—Å–º–æ—Ç—Ä—é –∫–∞—Å—Å–∞ –æ–¥–Ω–∞ —Ç–æ–ª—å–∫–æ –æ—Ç–∫—Ä—ã—Ç–∞.–ø–µ—Ä–µ–¥–æ –º–Ω–æ–π —Å–µ–º–µ–π–Ω–∞—è –ø–∞—Ä–∞ —Å –ø–æ–ª–Ω–æ–π –∫–æ—Ä–∑–∏–Ω–æ–π –µ–¥—ã.–∑–∞ –Ω–∏–º–∏ –±–∞–±—É—à–∫–∞ —Ç–∞–∫–∂–µ —Å –ø–æ–ª–Ω–æ–π –∫–æ—Ä–∑–∏–Ω–æ–π.—è –ø—Ä–µ–¥–ø–æ–ª–∞–≥–∞–ª —Å–µ–π –≤–∞—Ä–∏–∞–Ω—Ç –∏ –≤—ã—à–µ–ª –∏–∑ –¥–æ–º–∞ –ø–æ—Ä–∞–Ω—å—à–µ.–ù—É,—á—Ç–æ –ø–æ–¥–µ–ª–∞—Ç—å,–¥—É–º–∞—é –ø–æ—Å—Ç–æ—é.–ù–∞—Ü–µ–ø–∏–ª –Ω–∞—É—à–Ω–∏–∫–∏ –∏ –∂–¥—É —Å–≤–æ–µ–π –æ—á–µ—Ä–µ–¥–∏.–ø–æ–∫–∞ —Å–ª—É—à–∞–ª –º—É–∑—ã–∫—É —É –º–µ–Ω—è –ø—Ä–æ–º–µ–ª—å–∫–Ω—É–ª–∞ –º—ã—Å–ª—å,—á—Ç–æ —è —Å –æ–¥–Ω–æ–π –±–∞–Ω–æ—á–∫–æ–π –∏ –±–∞–±–∫–∞ –º–µ–Ω—è –ø—Ä–æ–ø—É—Å—Ç–∏—Ç.–æ–Ω–∞ –≤ —Ç–æ—Ç –∂–µ –º–æ–º–µ–Ω—Ç –ø–æ–≤–æ—Ä–∞—á–∏–≤–∞–µ—Ç—Å—è –∫–æ –º–Ω–µ –∏ –≥–æ–≤–æ—Ä–∏—Ç —á—Ç–æ —Ç–æ —Ç–∏–ø–æ- –ø—Ä–æ—Ö–æ–¥–∏—Ç–µ –º–æ–ª–æ–¥–æ–π —á–µ–ª–æ–≤–µ–∫(–∞ —è —Å–ª—É—à–∞—é –≥—Ä–æ–º–∫—É—é –º—É–∑—ã–∫—É –≤ —É—à–∞—Ö)—è –¥–æ—Å—Ç–∞—é –Ω–∞—É—à–Ω–∏–∫–∏ –∏ –±–ª–∞–≥–æ–¥–∞—Ä—é –µ–µ –∑–∞ —Ç–æ,—á—Ç–æ –ø—Ä–æ–ø—É—Å–∫–∞–µ—Ç.–¥–µ–ª–∞—é —à–∞–≥ –≤ –µ–µ —Å—Ç–æ—Ä–æ–Ω—É,–∞ –æ–Ω–∞ –≤–∏–∑–∂–∏—Ç –Ω–∞ –≤–µ—Å—å –º–∞–≥–∞–∑–∏–Ω –∏ –æ—Ä–µ—Ç-–ø–∞—Ä–µ–Ω—å,—è —Å–∫–∞–∑–∞–ª–∞ –æ—Ç–æ–π–¥–∏ –¥–∞–ª—å—à–µ!—Ö–æ—Ç—è –∑–∞ –º–Ω–æ–π —É–∂–µ —Å–æ–±—Ä–∞–ª–∞—Å—å –æ—á–µ—Ä–µ–¥—å-–≤—Å–µ —Å–¥–µ–ª–∞–ª–∏ —à–∞–≥ –Ω–∞–∑–∞–¥ –∏ –∂–∏–≤–æ –Ω–∞—á–∞–ª–∏ –æ–±—Å—É–∂–¥–∞—Ç—å –∏–ø–∞–Ω—É—Ç–æ—Å—Ç—å —ç—Ç–æ–≥–æ –ø–æ–∂–∏–ª–æ–≥–æ —á–µ–ª–æ–≤–µ–∫–∞.–ø—ã—Å—ã —è —Å—Ç–æ—è–ª –º–µ—Ç—Ä–∞—Ö –≤ —Ç—Ä–µ—Ö –æ—Ç –Ω–µ–µ",post,post,1,9037710,23.1.1988,2,–±–ª–∞–≥–æ,1.0,,"35,4",3.0,,,,,,,,,,1
135,135,135,177347325,"–ú–µ—Ä—Å–∏, –±–ª–∞–≥–æ–¥–∞—Ä—é —Ç–µ–±—è. –ú–µ—Ä—Å–∏, —Å–ø–∞—Å–∏–±–æ —á—Ç–æ —Ç—ã –µ—Å—Ç—å)",post,post,1,8989670,,2,–±–ª–∞–≥–æ,,,,,,,,,,,,,,1
136,136,136,571883582,–°–ø—Å —Ç–∏–ø–µ—Ä —è –∑–Ω–∞—é –±–æ–ª—å—à–µ...,post,post,1,8977930,21.10.2005,2,—Å–ø—Å,1.0,,"17,7",1.0,,,,,,,,,,2
137,137,137,577364974,–ê –º—ã  —Å–∞–º –æ—Å–æ–±–æ–π  –ø–æ–¥ –Ω–∞–±–∏–±–∏–µ–π. –ù–∞–¥ –Ω–µ–π –±–ª–∏–∂–µ –∫ —Ü–µ–Ω—Ç—Ä—É —Å–ø—Å –≤.–≤.–ø.,post,post,1,8972149,1.4.1976,2,—Å–ø—Å,1.0,,"47,3",3.0,,,,,,,,,,0
138,138,138,5159884,–ü–∞—Å–∏–±–æ),post,post,1,8919420,,2,–ø–∞—Å–∏–±–æ,,,,,,,,,,,,,,1
139,139,139,174928595,–ü–∞—Å–∏–± üòä,post,post,1,8907789,27.6.2000,2,–ø–∞—Å–∏–±–æ,1.0,,"23,0",2.0,,,,,,,,,,1
140,140,140,359280798,"–≤–º–µ—Å—Ç–æ  —Å–ø—Å
–Ω–∞–ø–∏—Å–∞–ª–∞: –ø—Ä–µ–º–Ω–æ–≥–æ –±–ª–∞–≥–æ–¥–∞—Ä–Ω–∞",post,post,1,8906204,,1,—Å–ø—Å,,,,,,,,,,,,,,0
141,141,141,135165303,–í–µ—Å—å –ø–æ–¥—ä–µ–∑–¥ –µ–π –æ—á–µ–Ω—å –±–ª–∞–≥–æ–¥–∞—Ä–µ–Ω,post,post,1,8892866,26.11.1998,1,–±–ª–∞–≥–æ,1.0,,"24,6",2.0,,,,,,,,,,1
142,142,142,619097064,"–î–æ–±—Ä–æ—Å–≤–µ—Ç-–¥—É—à–∞, –∂–µ–º—á—É–∂–∏–Ω–∞ –≤ –æ–∂–µ—Ä–µ–ª—å–µ –í—ã—Å—à–µ–≥–æ –û—Ç—Ü–∞, –ú–∞—è–∫ –±–æ–∂–µ—Å—Ç–≤–µ–Ω–Ω–æ–≥–æ —Å–≤–µ—Ç–∞ –¥–æ–±—Ä–æ–¥–µ—Ç–µ–ª–∏, –ø—Ä–∏–º–∏—Ç–µ –≤ –¥–∞—Ä –∞—Ä–æ–º–∞—Ç –±—É–∫–µ—Ç–∞ —á–∏—Å—Ç—ã—Ö —á—É–≤—Å—Ç–≤ –∏ –¥–æ–±—Ä—ã—Ö –ø–æ–∂–µ–ª–∞–Ω–∏–π –æ—Ç –ª–æ–¥–∫–∏-–¥—É—à–∏ —Å—Ç—Ä–∞–Ω—Å—Ç–≤—É—é—â–µ–π –ø–æ –≤–æ–ª–Ω–∞–º –æ–∫–µ–∞–Ω–∞ –∂–∏–∑–Ω–∏, –∏ –∑–∞–±—Ä–æ—à–µ–Ω–Ω–æ–π –≤–µ—Ç—Ä–∞–º–∏ —Å—É–¥—å–±—ã –Ω–∞ —Å–∫–∞–ª—ã —É –±—Ä–µ–≥–æ–≤ –¥–æ—Å—Ç–æ—Å–ª–∞–≤–Ω–æ–≥–æ –ì—Ä–∞–¥–∞ N, –∏ —Å–ø–∞—Å—ë–Ω–Ω–æ–π –º–µ—Ä—Ü–∞—é—â–∏–º —Å–∏—è–Ω–∏–µ–º –í–∞—à–µ–≥–æ –ú–∞—è–∫–∞ –ù–∞–¥–µ–∂–¥—ã. –í –∑–Ω–∞–∫ –ø—Ä–∏–∑–Ω–∞—Ç–µ–ª—å–Ω–æ—Å—Ç–∏ –∑–∞ –ø—Ä–æ—Ç—è–Ω—É—Ç—É—é —Ä—É–∫—É —Å–≤–µ—Ç–∞ –∏ –¥—Ä—É–∂–±—ã –æ—Å—ã–ø–∞—é –í–∞—à—É –°–≤–µ—Ç–ª–æ—Å—Ç—å –ª–µ–ø–µ—Å—Ç–∫–∞–º–∏ —Ä–æ–∑ –º–æ–µ–π —Å–µ—Ä–¥–µ—á–Ω–æ–π –±–ª–∞–≥–æ–¥–∞—Ä–Ω–æ—Å—Ç–∏. 
–ù–µ —Å–º–µ—é –Ω–∞–¥–µ—è—Ç—å—Å—è –Ω–∞ —Å–Ω–∏—Å—Ö–æ–∂–¥–µ–Ω–∏–µ –∏ –≤–Ω–∏–º–∞–Ω–∏–µ –∫ –º–æ–µ–π —Å–ª—É—á–∞–π–Ω–æ–π –ø–µ—Ä—Å–æ–Ω–µ –≤–¥—Ä—É–≥ –≤–æ–∑–Ω–∏–∫—à–µ–π –∏–∑ –Ω–∏–æ—Ç–∫—É–¥–∞. –ù–æ –≤—Å—ë –∂–µ –æ—Å—Ç–∞–≤–ª—è—é –º–µ—Å—Ç–æ –±–æ–∂–µ—Å—Ç–≤–µ–Ω–Ω–æ–º—É –ø—Ä–æ–≤–∏[–µ]–¥–µ–Ω–∏—é –∏ —á—É–¥—É —Ä–∞—Å—Å–º–æ—Ç—Ä–µ–Ω–∏—è –í–∞–º–∏ –º–æ–µ–π –ø—Ä–æ—Å—å–±—ã –Ω–∞ –∞—É–¥–∏–µ–Ω—Ü–∏—é, –ø—É—Å—Ç—å –≤ —á–∞—Ç–µ –∏–ª–∏ –æ–Ω–ª–∞–π–Ω –∏–ª–∏ ""–¥—É—à–∞ –≤ –¥—É—à—É, –≥–ª–∞–∑–∞ –≤ –≥–ª–∞–∑–∞"" –ø–æ–∫–∞ —è –∑–¥–µ—Å—å –µ—â—ë. –ê —Å—É—Ç—å –∑–∞–ø—Ä–æ—Å–∞: –º–Ω–µ —Ö–æ—á–µ—Ç—Å—è –¥–µ–ª–∏—Ç—å—Å—è –æ–±—Ä–µ—Ç—ë–Ω–Ω—ã–º –±–æ–≥–∞—Ç—Å—Ç–≤–æ–º –ø—Ä–∞–∫—Ç–∏—á–µ—Å–∫–æ–≥–æ –æ–ø—ã—Ç–∞ –Ω–∞ –æ—Å–Ω–æ–≤–µ —É–Ω–∏–∫–∞–ª—å–Ω–µ–π—à–µ–≥–æ –ó–Ω–∞–Ω–∏—è –æ–± –£–Ω–∏–≤–µ—Ä—Å—É–º–µ. 
–î–ª—è –Ω–∞–≥–ª—è–¥–Ω–æ—Å—Ç–∏, –ø—Ä–∏–≤–µ–¥—É –Ω–µ—Å–∫–æ–ª—å–∫–æ –∞—Å–ø–µ–∫—Ç–æ–≤ –∏ —Ç–µ–º –∏–∑ –ø—Ä–µ–¥–ª–∞–≥–∞–µ–º–æ–≥–æ –∑–Ω–∞–Ω–∏—è. –í–æ—Ç –ø–µ—Ä–≤—ã–π –∏ —Ñ—É–Ω–¥–∞–º–µ–Ω—Ç–∞–ª—å–Ω—ã–π, —Å –∫–æ–µ–≥–æ –∏ –±—É–¥–µ—Ç –ø—Ä–µ–¥–ª–æ–∂–µ–Ω–æ –Ω–∞—á–∞—Ç—å –≤—Å—Ç—Ä–µ—á—É-–±–µ—Å–µ–¥—É: ""–ö–¢–û –Ø?"" –ó–¥–µ—Å—å –ø–æ–π–¥—ë—Ç —Ä–µ—á—å –æ —Ç–æ—á–Ω–æ–º –∫–æ–Ω–∫—Ä–µ—Ç–Ω–æ–º –ø—Ä–µ–¥—Å—Ç–∞–≤–ª–µ–Ω–∏–∏ –æ –¥—É—à–µ, –≤–ø–ª–æ—Ç—å –¥–æ —Ñ–æ—Ä–º—ã –∏ —Ä–∞–∑–º–µ—Ä–∞, –∞ —Ç–∞–∫ –∂–µ –æ—Ç–∫—É–¥–∞ –ø—Ä–∏—Ö–æ–¥–∏–º (–≥–¥–µ –¥–æ–º –¥—É—à?), –∫–æ–≥–¥–∞ –æ–±—Ä–∞—Ç–Ω–æ, —á—å–∏ –º—ã, –∫–∞–∫–æ–≤ –û–Ω –û—Ç–µ—Ü, –∫–∞–∫ –∏–∑–º–µ–Ω–∏—Ç—å –≤—Ä–µ–¥–Ω—ã–µ –ø—Ä–∏–≤—ã—á–∫–∏, –∫–∞–∫ –Ω–∞–∫–æ–ø–∏—Ç—å —Å–∏–ª—É –∏–Ω—Ç–µ–ª–ª–µ–∫—Ç—É, –∫–∞–∫–∏–µ –º—ã –∏–∑–Ω–∞—á–∞–ª—å–Ω–æ, –¥–æ –¥–µ–≥—Ä–∞–¥–∞—Ü–∏–∏, –∫–∞–∫–∏–º –∑–∞–∫–æ–Ω–∞–º –≤—Å—ë —ç—Ç–æ –¥–≤–∏–∂–µ–Ω–∏–µ –∏—Å—Ç–æ—Ä–∏–∏ —á–µ–ª–æ–≤–µ—á–µ—Å—Ç–≤–∞ –ø–æ–¥—á–∏–Ω—è–µ—Ç—Å—è, —á—Ç–æ —Ç–∞–∫–æ–µ –∑–∞–∫–æ–Ω –∫–∞—Ä–º—ã, –∫–∞–∫–æ–≤–∞ —Ä–æ–ª—å –æ—Ç—Ü–æ–≤-–æ—Å–Ω–æ–≤–∞—Ç–µ–ª–µ–π –∫–∞–∂–¥–æ–π –∏–∑ 4 –æ—Å–Ω–æ–≤–Ω—ã—Ö –≤–µ—Ç–≤–µ–π –Ω–∞ –¥—Ä–µ–≤–µ –º–∏—Ä–æ–≤—ã—Ö —Ä–µ–ª–∏–≥–∏–π, —á—Ç–æ –∏–∑ —Å–µ–±—è –ø—Ä–µ–¥—Å—Ç–∞–≤–ª—è–µ—Ç –≤—Ä–µ–º—è (–ø—Ä—è–º–∞—è, —Å–ø–∏—Ä–∞–ª—å –∏–ª–∏ –∫—Ä—É–≥-—Ü–∏–∫–ª)... –∏ –µ—â—ë –º–Ω–æ–≥–æ –¥—Ä—É–≥–æ–≥–æ –ø—Ä–µ–¥–º–µ—Ç–Ω–æ–≥–æ –¥–µ—Ç–∞–ª—å–Ω–æ-—Ä–∞–∑–æ–±—Ä–∞–Ω–Ω–æ–≥–æ —Ç–µ–æ—Ä–µ—Ç–∏—á–µ—Å–∫–æ–≥–æ –º–∞—Ç–µ—Ä–∏–∞–ª–∞. –ü—Ä–æ—Å—Ç–∏—Ç–µ –∑–∞ –∑–∞–≥—Ä—É–∑, –∏ –±—É–¥—É –∂–¥–∞—Ç—å –≤–µ—Ä–¥–∏–∫—Ç–∞-—Å–æ–≥–ª–∞—Å–∏—è –æ –≤–æ—Å—Ç—Ä–µ–±–æ–≤–∞–Ω–Ω–æ—Å—Ç–∏ –≤ –í–∞—à–µ–π –ø—Ä–µ—Ñ–µ–∫—Ç—É—Ä–µ –¥–∞–Ω–Ω–æ–≥–æ –æ–±—Ä–∞–∑–æ–≤–∞–Ω–∏—è. –ú–∏—Ä–æ–ø–æ–∫–æ—è –¥—É—à–µ. –û—Ç–Ω—ã–Ω–µ –∏ –ø—Ä–∏—Å–Ω–æ –í–∞—à –≤–µ—Ä–Ω–æ–ø–æ–¥–¥–∞–Ω—ã–π –∏ –ø–æ–∫–æ—Ä–Ω—ã–π —Å–ª—É–≥–∞. 
–°–≤–µ—Ç-–¥—É—à–∞, –Ω–∏—Å–∫–æ–ª—å–∫–æ –Ω–µ —Ö–æ—á—É –ª–∏—à–Ω–∏–º–∏ –∑–∞–±–æ—Ç–∞–º–∏ –í–∞—Å –ø–µ—Ä–µ–≥—Ä—É–∂–∞—Ç—å, –ø–æ—Ç–æ–º—É –±–ª–∞–≥–æ–¥–∞—Ä–µ–Ω –µ—Å—Ç—å –∏ –±—É–¥—É –ø—Ä–∏ –ª—é–±–æ–º –∏—Å—Ö–æ–¥–µ... –Ω–æ –∂–∞–∂–¥—É –≤–∑–∞–∏–º–æ–∏–Ω–∏—Ü–∏–∏—Ä–æ–≤–∞–Ω–Ω–æ–π –∫–æ–Ω—Å—Ç—Ä—É–∫—Ç–∏–≤–Ω–æ–π –ø–ª–æ–¥–æ—Ç–≤–æ—Ä–Ω–æ–π –≤—Å—Ç—Ä–µ—á–∏ —Å –º—É–¥—Ä–æ–π, —Å–ª–∞–¥–∫–æ–π –¥—É—à–æ–π, –µ—Å–ª–∏, –∫–æ–Ω–µ—á–Ω–æ –∂–µ, –í–∞—Å –∑–∞–∏–Ω—Ç–µ—Ä–µ—Å–æ–≤–∞–ª–∏ –≤—ã—à–µ –æ–∑–≤—É—á–µ–Ω–Ω—ã–µ —Ç–µ–º—ã...",post,post,1,8847031,28.11.1998,2,–±–ª–∞–≥–æ,1.0,,"24,6",2.0,,,,,,,,,,0
143,143,143,577364974,–î–∞ –±–ª—è—Ç—å –Ω–µ—Ç—É –¥–∞–∂–µ —Ñ–æ—Ä–º—É–ª—ã   –±–∞—Ü–∏–ª —ç—Ç–æ–π –ø—Ä–µ–¥—É–º–∞–Ω–æ–π —Ö—Ä–µ–Ω–∏.–ì–õ–ê–í–ù–û–ï –û–ü–Ø–¢–¨ –í–°–ï –î–û–†–û–ñ–ê–ï–¢.–ï–©–û 15 –î–ù–ï–ô –ü–û–¢–û–ú –î–ï–†–ñ–ò–¢–°–Ø –î–ï–ù–ï–ì –ù–ï–¢.–ë–£–î–ï–ú –ñ–†–ê–¢–¨ –ë–ï–ù–ó–ò–ù –ò –ù–Æ–•–ê–¢–¨ –ì–ê–ó.–ë–û–õ–¨–®–ï –ù–ê–®–ê –°–¢–†–ê–ù–ê –°–ü–° .–ì.–ü–£–¢–ò–ù–£ –ë–£–î–ï–¢ –ö–ê–ö –í–°–ï–ì–î–ê –í–´–°–ï–†–ê–¢–¨ –°–í–û–Æ –ñ–ò–ó–ù–¨.,post,post,1,8825484,1.4.1976,2,—Å–ø—Å,1.0,,"47,3",3.0,,,,,,,,,,2
144,144,144,213350402,"–Ø –±–ª–∞–≥–æ–¥–∞—Ä–Ω–∞ —ç—Ç–æ–π –≥—Ä—É–ø–ø–µ, –∫–æ—Ç–æ—Ä–∞—è –≤ —à—É—Ç–æ—á–Ω–æ–π —Ñ–æ—Ä–º–µ —Å–æ–æ–±—â–∞–µ—Ç –ø–æ—Å–ª–µ–¥–Ω–∏–µ –Ω–æ–≤–æ—Å—Ç–∏. –õ–µ–≥–∫–æ –∏ –Ω–µ–ø—Ä–∏–Ω—É–∂–¥—ë–Ω–Ω–æ. –ú–æ–∂–Ω–æ –ø—Ä–æ—á–∏—Ç–∞—Ç—å –ø–æ –¥–æ—Ä–æ–≥–µ. –ë–µ–∑ –æ—Å–æ–±–æ–≥–æ –Ω–∞–∫–∞–ª–∞ –∏ —É–∂–∞—Å–∞, –Ω–æ –≤–ø–æ–ª–Ω–µ –∏–Ω—Ñ–æ—Ä–º–∞—Ç–∏–≤–Ω–æ!!! –°–ø–∞—Å–∏–±–æ‚úäüèª‚úäüèª‚úäüèª",post,post,1,8808133,,1,–±–ª–∞–≥–æ,,,,,,,,,,,,,,1
145,145,145,582592153,"–ë–æ–ª—å—à–æ–µ —á–µ–ª–æ–≤–µ—á—Å–∫–æ–µ –ø–∞—Å–∏–±–æ. –ù–∞—Ö–æ–π –≤–æ–æ–±—â–µ –º—ã –¥–æ–∫—Ç–æ—Ä–∞ –Ω—É–∂–Ω—ã, –µ—Å–ª–∏ –µ—Å—Ç—å –†–ê–ú–ó–ê–ù –ê–•–ú–ê–¢–´–ß",post,post,1,8798053,15.12.1992,2,–ø–∞—Å–∏–±–æ,1.0,,"30,5",3.0,,,,,,,,,,1
146,146,146,560090267,"–ê–∂ —Å—Ä–∞–∑—É –ª–µ–≥—á–µ —Å—Ç–∞–ª–æ, –±–ª–∞–≥–æ–¥–∞—Ä—é –≤–∞—Å, —Å—É–¥–∞—Ä—å!",post,post,1,8784222,,2,–±–ª–∞–≥–æ,,,,,,,,,,,,,,1
147,147,147,216915278, ,post,post,1,8745975,1.1,2,0,,,,,,,,,,,,,,0
148,148,148,127007066,–Ω—É –≤–æ—Ç –º—ã –≤—Å–µ —Å–¥–æ—Ö–Ω–µ–º —Å–ø—Å –∫–∏—Ç–∞—ë–∑—è–º,post,post,1,8717043,,2,—Å–ø—Å,,,,,,,,,,,,,,2
149,149,149,147221361,"–ê —Å–∫–∏–Ω—å—Ç–µ —Ñ—É–ª–ª —ç—Ç–æ–≥–æ –≤—ã–ø—É—Å–∫–∞
–û—Ç –¥—É—à–∏ –±–ª–∞–≥–æ–¥–∞—Ä—é",post,post,1,8707484,30.3.1990,2,–±–ª–∞–≥–æ,1.0,,"33,3",3.0,,,,,,,,,,0
150,150,150,237069918,"–ê–¥–º–∏–Ω —Ç—ã —Å–∞–º —Å–ª—É–∂–∏–ª , —á—Ç–æ–±—ã —Ç–∞–∫—É—é –±–µ—Å—Å–º—ã—Å–ª–∏—Ü—É –Ω–µ—Å—Ç–∏ ? –ù–∏ —Ä–∞–∑—É –≤ —Å—Ä–æ–∫ —Å–≤–æ–µ–π —Å–ª—É–∂–±—ã –Ω–µ —á–∏—Å—Ç–∏–ª –∫–∞—Ä—Ç–æ—à–∫—É, –¥–∞ –º—ã–ª –ø–æ–ª—ã –ø–æ—Ç–æ–º—É —á—Ç–æ –Ω–∞—Ä—è–¥ —Ç–∞–∫–æ–π –µ—Å—Ç—å –ù–∞–≤–∞–ª—å–Ω—ã–π! –ö–∞–∂–¥—É—é –Ω–µ–¥–µ–ª—é –µ–∑–¥–∏–ª–∏ –Ω–∞ —Å—Ç—Ä–µ–ª—å–±–∏—â—É –∫–∏–¥–∞–ª–∏ –±–æ–µ–≤—ã–µ, —É—á–µ–±–Ω—ã–µ –≥—Ä–∞–Ω–∞—Ç—ã, –º–∞—Ä—à –±—Ä–æ—Å–∫–∏.  –ò –¥–∞ —è –æ—á–µ–Ω—å –±–ª–∞–≥–æ–¥–∞—Ä–µ–Ω –∞—Ä–º–∏–∏, –µ—Å—Ç—å –≤—Ä–µ–º—è –Ω–∞–¥ –≤—Å–µ–º –ø–æ–¥—É–º–∞—Ç—å –æ —Å–≤–æ–µ–π –∂–∏–∑–Ω–∏, –∞ —Ö–µ–π—Ç–∏—Ç—å —Å–∏–¥—è –Ω–∞ —Å–≤–æ—ë–º –¥–∏–≤–∞–Ω–µ –Ω–æ –ø—Ä–∏ —ç—Ç–æ–º  –∫–æ—Å–∏—Ç—å –æ—Ç –∞—Ä–º–∏–∏ –∫–∞–∫ –ø–æ—Å–ª–µ–¥–Ω–∏–π —Ç—Ä—É—Å",post,post,1,8666504,,2,–±–ª–∞–≥–æ,,,,,,,,,,,,,,2
151,151,151,458276450,"–í–Ω–∏–º–∞–Ω–∏–µ, –¥–µ–≤—É—à–∫–∏! –•–æ–∂—É –ø–æ—á—Ç–∏ 3 –≥–æ–¥–∞ –≤ –∑–∞–ª —É–∂–µ, –Ω–æ –≤ –ø–æ—Å–ª–µ–¥–Ω–µ–µ –≤—Ä–µ–º—è –∂—É—Ç–∫–æ –Ω–µ–¥–æ—Å—Ç–∞—ë—Ç –≤—Ä–µ–º–µ–Ω–∏ –µ–≥–æ –ø–æ—Å–µ—â–∞—Ç—å –∏–∑-–∑–∞ —Ä–∞–±–æ—Ç—ã. –í—Å–µ—Ä—å–µ–∑ –∑–∞–¥—É–º—ã–≤–∞—é—Å—å –Ω–∞–¥ —Ç–µ–º, —á—Ç–æ–±—ã –∑–∞–±—Ä–æ—Å–∏—Ç—å.. –Ω–µ –∑–Ω–∞—é, —Å—Ç–æ–∏—Ç –ª–∏ –¥–∞–ª—å—à–µ –∑–∞–Ω–∏–º–∞—Ç—å—Å—è. –ö—Ç–æ –Ω–µ –ø—Ä–æ—Ç–∏–≤ –ø–æ–º–æ—á—å, –ø–∏—à–∏—Ç–µ –≤ –õ–°, —è —Å–∫–∏–Ω—É —Ñ–æ—Ç–æ—á–∫–∏ –±–µ–∑ —Ñ—É—Ç–±–æ–ª–∫–∏, –∏–Ω—Ç–µ—Ä–µ—Å–Ω–æ —É–∑–Ω–∞—Ç—å –≤–∞—à–µ –º–Ω–µ–Ω–∏–µ. –ü–æ—Ç–æ–º—É —á—Ç–æ –≤ –¥–µ–π—Å—Ç–≤–∏—Ç–µ–ª—å–Ω–æ—Å—Ç–∏ —Å–µ–π—á–∞—Å –Ω–µ –∑–Ω–∞—é —Å—Ç–æ–∏—Ç –ª–∏ —ç—Ç–æ –∑–∞—Ç—Ä–∞—á–µ–Ω–Ω–æ–≥–æ –≤—Ä–µ–º–µ–Ω–∏ –∏ —ç–Ω–µ—Ä–≥–∏–∏. –ú–æ–∂–µ—Ç –≤—ã –ø–æ–º–æ–∂–µ—Ç–µ —Ä–µ—à–∏—Ç—å...
 –ó–∞—Ä–∞–Ω–µ–µ –±–ª–∞–≥–æ–¥–∞—Ä—é —Ç–µ–º, –∫—Ç–æ –æ—Ç–∫–ª–∏–∫–Ω—É–ª—Å—è ‚ù§
(–ù–µ—Ç, —è –Ω–µ –±–æ—Ç –∏ –≤—ã –≤ —ç—Ç–æ–º —Å–º–æ–∂–µ—Ç–µ –ª–µ–≥–∫–æ —É–±–µ–¥–∏—Ç—å—Å—è –ø—Ä–∏ –æ–±—â–µ–Ω–∏–∏)",post,post,1,8652419,,2,–±–ª–∞–≥–æ,,1.0,,,,,,,,,,,,2
152,152,152,458276450,"–í–Ω–∏–º–∞–Ω–∏–µ, –¥–µ–≤—É—à–∫–∏! –•–æ–∂—É –ø–æ—á—Ç–∏ 3 –≥–æ–¥–∞ –≤ –∑–∞–ª —É–∂–µ, –Ω–æ –≤ –ø–æ—Å–ª–µ–¥–Ω–µ–µ –≤—Ä–µ–º—è –∂—É—Ç–∫–æ –Ω–µ–¥–æ—Å—Ç–∞—ë—Ç –≤—Ä–µ–º–µ–Ω–∏ –µ–≥–æ –ø–æ—Å–µ—â–∞—Ç—å –∏–∑-–∑–∞ —Ä–∞–±–æ—Ç—ã. –í—Å–µ—Ä—å–µ–∑ –∑–∞–¥—É–º—ã–≤–∞—é—Å—å –Ω–∞–¥ —Ç–µ–º, —á—Ç–æ–±—ã –∑–∞–±—Ä–æ—Å–∏—Ç—å.. –Ω–µ –∑–Ω–∞—é, —Å—Ç–æ–∏—Ç –ª–∏ –¥–∞–ª—å—à–µ –∑–∞–Ω–∏–º–∞—Ç—å—Å—è. –ö—Ç–æ –Ω–µ –ø—Ä–æ—Ç–∏–≤ –ø–æ–º–æ—á—å, –ø–∏—à–∏—Ç–µ –≤ –õ–°, —è —Å–∫–∏–Ω—É —Ñ–æ—Ç–æ—á–∫–∏ –±–µ–∑ —Ñ—É—Ç–±–æ–ª–∫–∏, –∏–Ω—Ç–µ—Ä–µ—Å–Ω–æ —É–∑–Ω–∞—Ç—å –≤–∞—à–µ –º–Ω–µ–Ω–∏–µ. –ü–æ—Ç–æ–º—É —á—Ç–æ –≤ –¥–µ–π—Å—Ç–≤–∏—Ç–µ–ª—å–Ω–æ—Å—Ç–∏ —Å–µ–π—á–∞—Å –Ω–µ –∑–Ω–∞—é —Å—Ç–æ–∏—Ç –ª–∏ —ç—Ç–æ –∑–∞—Ç—Ä–∞—á–µ–Ω–Ω–æ–≥–æ –≤—Ä–µ–º–µ–Ω–∏ –∏ —ç–Ω–µ—Ä–≥–∏–∏. –ú–æ–∂–µ—Ç –≤—ã –ø–æ–º–æ–∂–µ—Ç–µ —Ä–µ—à–∏—Ç—å...
 –ó–∞—Ä–∞–Ω–µ–µ –±–ª–∞–≥–æ–¥–∞—Ä—é —Ç–µ–º, –∫—Ç–æ –æ—Ç–∫–ª–∏–∫–Ω—É–ª—Å—è ‚ù§
(–ù–µ—Ç, —è –Ω–µ –±–æ—Ç –∏ –≤—ã –≤ —ç—Ç–æ–º —Å–º–æ–∂–µ—Ç–µ –ª–µ–≥–∫–æ —É–±–µ–¥–∏—Ç—å—Å—è –ø—Ä–∏ –æ–±—â–µ–Ω–∏–∏)",post,post,1,8652288,,2,–±–ª–∞–≥–æ,,1.0,,,,,,,,,,,,2
153,153,153,458276450,"–í–Ω–∏–º–∞–Ω–∏–µ, –¥–µ–≤—É—à–∫–∏! –•–æ–∂—É –ø–æ—á—Ç–∏ 3 –≥–æ–¥–∞ –≤ –∑–∞–ª —É–∂–µ, –Ω–æ –≤ –ø–æ—Å–ª–µ–¥–Ω–µ–µ –≤—Ä–µ–º—è –∂—É—Ç–∫–æ –Ω–µ–¥–æ—Å—Ç–∞—ë—Ç –≤—Ä–µ–º–µ–Ω–∏ –µ–≥–æ –ø–æ—Å–µ—â–∞—Ç—å –∏–∑-–∑–∞ —Ä–∞–±–æ—Ç—ã. –í—Å–µ—Ä—å–µ–∑ –∑–∞–¥—É–º—ã–≤–∞—é—Å—å –Ω–∞–¥ —Ç–µ–º, —á—Ç–æ–±—ã –∑–∞–±—Ä–æ—Å–∏—Ç—å.. –Ω–µ –∑–Ω–∞—é, —Å—Ç–æ–∏—Ç –ª–∏ –¥–∞–ª—å—à–µ –∑–∞–Ω–∏–º–∞—Ç—å—Å—è. –ö—Ç–æ –Ω–µ –ø—Ä–æ—Ç–∏–≤ –ø–æ–º–æ—á—å, –ø–∏—à–∏—Ç–µ –≤ –õ–°, —è —Å–∫–∏–Ω—É —Ñ–æ—Ç–æ—á–∫–∏ –±–µ–∑ —Ñ—É—Ç–±–æ–ª–∫–∏, –∏–Ω—Ç–µ—Ä–µ—Å–Ω–æ —É–∑–Ω–∞—Ç—å –≤–∞—à–µ –º–Ω–µ–Ω–∏–µ. –ü–æ—Ç–æ–º—É —á—Ç–æ –≤ –¥–µ–π—Å—Ç–≤–∏—Ç–µ–ª—å–Ω–æ—Å—Ç–∏ —Å–µ–π—á–∞—Å –Ω–µ –∑–Ω–∞—é —Å—Ç–æ–∏—Ç –ª–∏ —ç—Ç–æ –∑–∞—Ç—Ä–∞—á–µ–Ω–Ω–æ–≥–æ –≤—Ä–µ–º–µ–Ω–∏ –∏ —ç–Ω–µ—Ä–≥–∏–∏. –ú–æ–∂–µ—Ç –≤—ã –ø–æ–º–æ–∂–µ—Ç–µ —Ä–µ—à–∏—Ç—å...
 –ó–∞—Ä–∞–Ω–µ–µ –±–ª–∞–≥–æ–¥–∞—Ä—é —Ç–µ–º, –∫—Ç–æ –æ—Ç–∫–ª–∏–∫–Ω—É–ª—Å—è ‚ù§
(–ù–µ—Ç, —è –Ω–µ –±–æ—Ç –∏ –≤—ã –≤ —ç—Ç–æ–º —Å–º–æ–∂–µ—Ç–µ –ª–µ–≥–∫–æ —É–±–µ–¥–∏—Ç—å—Å—è –ø—Ä–∏ –æ–±—â–µ–Ω–∏–∏)",post,post,1,8651831,,2,–±–ª–∞–≥–æ,,1.0,,,,,,,,,,,,2
154,154,154,458276450,"–í–Ω–∏–º–∞–Ω–∏–µ, –¥–µ–≤—É—à–∫–∏! –•–æ–∂—É –ø–æ—á—Ç–∏ 3 –≥–æ–¥–∞ –≤ –∑–∞–ª —É–∂–µ, –Ω–æ –≤ –ø–æ—Å–ª–µ–¥–Ω–µ–µ –≤—Ä–µ–º—è –∂—É—Ç–∫–æ –Ω–µ–¥–æ—Å—Ç–∞—ë—Ç –≤—Ä–µ–º–µ–Ω–∏ –µ–≥–æ –ø–æ—Å–µ—â–∞—Ç—å –∏–∑-–∑–∞ —Ä–∞–±–æ—Ç—ã. –í—Å–µ—Ä—å–µ–∑ –∑–∞–¥—É–º—ã–≤–∞—é—Å—å –Ω–∞–¥ —Ç–µ–º, —á—Ç–æ–±—ã –∑–∞–±—Ä–æ—Å–∏—Ç—å.. –Ω–µ –∑–Ω–∞—é, —Å—Ç–æ–∏—Ç –ª–∏ –¥–∞–ª—å—à–µ –∑–∞–Ω–∏–º–∞—Ç—å—Å—è. –ö—Ç–æ –Ω–µ –ø—Ä–æ—Ç–∏–≤ –ø–æ–º–æ—á—å, –ø–∏—à–∏—Ç–µ –≤ –õ–°, —è —Å–∫–∏–Ω—É —Ñ–æ—Ç–æ—á–∫–∏ –±–µ–∑ —Ñ—É—Ç–±–æ–ª–∫–∏, –∏–Ω—Ç–µ—Ä–µ—Å–Ω–æ —É–∑–Ω–∞—Ç—å –≤–∞—à–µ –º–Ω–µ–Ω–∏–µ. –ü–æ—Ç–æ–º—É —á—Ç–æ –≤ –¥–µ–π—Å—Ç–≤–∏—Ç–µ–ª—å–Ω–æ—Å—Ç–∏ —Å–µ–π—á–∞—Å –Ω–µ –∑–Ω–∞—é —Å—Ç–æ–∏—Ç –ª–∏ —ç—Ç–æ –∑–∞—Ç—Ä–∞—á–µ–Ω–Ω–æ–≥–æ –≤—Ä–µ–º–µ–Ω–∏ –∏ —ç–Ω–µ—Ä–≥–∏–∏. –ú–æ–∂–µ—Ç –≤—ã –ø–æ–º–æ–∂–µ—Ç–µ —Ä–µ—à–∏—Ç—å...
 –ó–∞—Ä–∞–Ω–µ–µ –±–ª–∞–≥–æ–¥–∞—Ä—é —Ç–µ–º, –∫—Ç–æ –æ—Ç–∫–ª–∏–∫–Ω—É–ª—Å—è ‚ù§
(–ù–µ—Ç, —è –Ω–µ –±–æ—Ç –∏ –≤—ã –≤ —ç—Ç–æ–º —Å–º–æ–∂–µ—Ç–µ –ª–µ–≥–∫–æ —É–±–µ–¥–∏—Ç—å—Å—è –ø—Ä–∏ –æ–±—â–µ–Ω–∏–∏)",post,post,1,8651533,,2,–±–ª–∞–≥–æ,,1.0,,,,,,,,,,,,2
155,155,155,458276450,"–í–Ω–∏–º–∞–Ω–∏–µ, –¥–µ–≤—É—à–∫–∏! –•–æ–∂—É –ø–æ—á—Ç–∏ 3 –≥–æ–¥–∞ –≤ –∑–∞–ª —É–∂–µ, –Ω–æ –≤ –ø–æ—Å–ª–µ–¥–Ω–µ–µ –≤—Ä–µ–º—è –∂—É—Ç–∫–æ –Ω–µ–¥–æ—Å—Ç–∞—ë—Ç –≤—Ä–µ–º–µ–Ω–∏ –µ–≥–æ –ø–æ—Å–µ—â–∞—Ç—å –∏–∑-–∑–∞ —Ä–∞–±–æ—Ç—ã. –í—Å–µ—Ä—å–µ–∑ –∑–∞–¥—É–º—ã–≤–∞—é—Å—å –Ω–∞–¥ —Ç–µ–º, —á—Ç–æ–±—ã –∑–∞–±—Ä–æ—Å–∏—Ç—å.. –Ω–µ –∑–Ω–∞—é, —Å—Ç–æ–∏—Ç –ª–∏ –¥–∞–ª—å—à–µ –∑–∞–Ω–∏–º–∞—Ç—å—Å—è. –ö—Ç–æ –Ω–µ –ø—Ä–æ—Ç–∏–≤ –ø–æ–º–æ—á—å, –ø–∏—à–∏—Ç–µ –≤ –õ–°, —è —Å–∫–∏–Ω—É —Ñ–æ—Ç–æ—á–∫–∏ –±–µ–∑ —Ñ—É—Ç–±–æ–ª–∫–∏, –∏–Ω—Ç–µ—Ä–µ—Å–Ω–æ —É–∑–Ω–∞—Ç—å –≤–∞—à–µ –º–Ω–µ–Ω–∏–µ. –ü–æ—Ç–æ–º—É —á—Ç–æ –≤ –¥–µ–π—Å—Ç–≤–∏—Ç–µ–ª—å–Ω–æ—Å—Ç–∏ —Å–µ–π—á–∞—Å –Ω–µ –∑–Ω–∞—é —Å—Ç–æ–∏—Ç –ª–∏ —ç—Ç–æ –∑–∞—Ç—Ä–∞—á–µ–Ω–Ω–æ–≥–æ –≤—Ä–µ–º–µ–Ω–∏ –∏ —ç–Ω–µ—Ä–≥–∏–∏. –ú–æ–∂–µ—Ç –≤—ã –ø–æ–º–æ–∂–µ—Ç–µ —Ä–µ—à–∏—Ç—å...
 –ó–∞—Ä–∞–Ω–µ–µ –±–ª–∞–≥–æ–¥–∞—Ä—é —Ç–µ–º, –∫—Ç–æ –æ—Ç–∫–ª–∏–∫–Ω—É–ª—Å—è ‚ù§
(–ù–µ—Ç, —è –Ω–µ –±–æ—Ç –∏ –≤—ã –≤ —ç—Ç–æ–º —Å–º–æ–∂–µ—Ç–µ –ª–µ–≥–∫–æ —É–±–µ–¥–∏—Ç—å—Å—è –ø—Ä–∏ –æ–±—â–µ–Ω–∏–∏)",post,post,1,8651147,,2,–±–ª–∞–≥–æ,,1.0,,,,,,,,,,,,2
156,156,156,458276450,"–í–Ω–∏–º–∞–Ω–∏–µ, –¥–µ–≤—É—à–∫–∏! –•–æ–∂—É –ø–æ—á—Ç–∏ 3 –≥–æ–¥–∞ –≤ –∑–∞–ª —É–∂–µ, –Ω–æ –≤ –ø–æ—Å–ª–µ–¥–Ω–µ–µ –≤—Ä–µ–º—è –∂—É—Ç–∫–æ –Ω–µ–¥–æ—Å—Ç–∞—ë—Ç –≤—Ä–µ–º–µ–Ω–∏ –µ–≥–æ –ø–æ—Å–µ—â–∞—Ç—å –∏–∑-–∑–∞ —Ä–∞–±–æ—Ç—ã. –í—Å–µ—Ä—å–µ–∑ –∑–∞–¥—É–º—ã–≤–∞—é—Å—å –Ω–∞–¥ —Ç–µ–º, —á—Ç–æ–±—ã –∑–∞–±—Ä–æ—Å–∏—Ç—å.. –Ω–µ –∑–Ω–∞—é, —Å—Ç–æ–∏—Ç –ª–∏ –¥–∞–ª—å—à–µ –∑–∞–Ω–∏–º–∞—Ç—å—Å—è. –ö—Ç–æ –Ω–µ –ø—Ä–æ—Ç–∏–≤ –ø–æ–º–æ—á—å, –ø–∏—à–∏—Ç–µ –≤ –õ–°, —è —Å–∫–∏–Ω—É —Ñ–æ—Ç–æ—á–∫–∏ –±–µ–∑ —Ñ—É—Ç–±–æ–ª–∫–∏, –∏–Ω—Ç–µ—Ä–µ—Å–Ω–æ —É–∑–Ω–∞—Ç—å –≤–∞—à–µ –º–Ω–µ–Ω–∏–µ. –ü–æ—Ç–æ–º—É —á—Ç–æ –≤ –¥–µ–π—Å—Ç–≤–∏—Ç–µ–ª—å–Ω–æ—Å—Ç–∏ —Å–µ–π—á–∞—Å –Ω–µ –∑–Ω–∞—é —Å—Ç–æ–∏—Ç –ª–∏ —ç—Ç–æ –∑–∞—Ç—Ä–∞—á–µ–Ω–Ω–æ–≥–æ –≤—Ä–µ–º–µ–Ω–∏ –∏ —ç–Ω–µ—Ä–≥–∏–∏. –ú–æ–∂–µ—Ç –≤—ã –ø–æ–º–æ–∂–µ—Ç–µ —Ä–µ—à–∏—Ç—å...
 –ó–∞—Ä–∞–Ω–µ–µ –±–ª–∞–≥–æ–¥–∞—Ä—é —Ç–µ–º, –∫—Ç–æ –æ—Ç–∫–ª–∏–∫–Ω—É–ª—Å—è ‚ù§
(–ù–µ—Ç, —è –Ω–µ –±–æ—Ç –∏ –≤—ã –≤ —ç—Ç–æ–º —Å–º–æ–∂–µ—Ç–µ –ª–µ–≥–∫–æ —É–±–µ–¥–∏—Ç—å—Å—è –ø—Ä–∏ –æ–±—â–µ–Ω–∏–∏)",post,post,1,8604936,,2,–±–ª–∞–≥–æ,,1.0,,,,,,,,,,,,2
157,157,157,458276450,"–í–Ω–∏–º–∞–Ω–∏–µ, –¥–µ–≤—É—à–∫–∏! –•–æ–∂—É –ø–æ—á—Ç–∏ 3 –≥–æ–¥–∞ –≤ –∑–∞–ª —É–∂–µ, –Ω–æ –≤ –ø–æ—Å–ª–µ–¥–Ω–µ–µ –≤—Ä–µ–º—è –∂—É—Ç–∫–æ –Ω–µ–¥–æ—Å—Ç–∞—ë—Ç –≤—Ä–µ–º–µ–Ω–∏ –µ–≥–æ –ø–æ—Å–µ—â–∞—Ç—å –∏–∑-–∑–∞ —Ä–∞–±–æ—Ç—ã. –í—Å–µ—Ä—å–µ–∑ –∑–∞–¥—É–º—ã–≤–∞—é—Å—å –Ω–∞–¥ —Ç–µ–º, —á—Ç–æ–±—ã –∑–∞–±—Ä–æ—Å–∏—Ç—å.. –Ω–µ –∑–Ω–∞—é, —Å—Ç–æ–∏—Ç –ª–∏ –¥–∞–ª—å—à–µ –∑–∞–Ω–∏–º–∞—Ç—å—Å—è. –ö—Ç–æ –Ω–µ –ø—Ä–æ—Ç–∏–≤ –ø–æ–º–æ—á—å, –ø–∏—à–∏—Ç–µ –≤ –õ–°, —è —Å–∫–∏–Ω—É —Ñ–æ—Ç–æ—á–∫–∏ –±–µ–∑ —Ñ—É—Ç–±–æ–ª–∫–∏, –∏–Ω—Ç–µ—Ä–µ—Å–Ω–æ —É–∑–Ω–∞—Ç—å –≤–∞—à–µ –º–Ω–µ–Ω–∏–µ. –ü–æ—Ç–æ–º—É —á—Ç–æ –≤ –¥–µ–π—Å—Ç–≤–∏—Ç–µ–ª—å–Ω–æ—Å—Ç–∏ —Å–µ–π—á–∞—Å –Ω–µ –∑–Ω–∞—é —Å—Ç–æ–∏—Ç –ª–∏ —ç—Ç–æ –∑–∞—Ç—Ä–∞—á–µ–Ω–Ω–æ–≥–æ –≤—Ä–µ–º–µ–Ω–∏ –∏ —ç–Ω–µ—Ä–≥–∏–∏. –ú–æ–∂–µ—Ç –≤—ã –ø–æ–º–æ–∂–µ—Ç–µ —Ä–µ—à–∏—Ç—å...
 –ó–∞—Ä–∞–Ω–µ–µ –±–ª–∞–≥–æ–¥–∞—Ä—é —Ç–µ–º, –∫—Ç–æ –æ—Ç–∫–ª–∏–∫–Ω—É–ª—Å—è ‚ù§
(–ù–µ—Ç, —è –Ω–µ –±–æ—Ç –∏ –≤—ã –≤ —ç—Ç–æ–º —Å–º–æ–∂–µ—Ç–µ –ª–µ–≥–∫–æ —É–±–µ–¥–∏—Ç—å—Å—è –ø—Ä–∏ –æ–±—â–µ–Ω–∏–∏)",post,post,1,8604891,,2,–±–ª–∞–≥–æ,,,,,,,,,,,,,,2
158,158,158,277850472,"–•–û–ß–£ –°–ö–ê–ó–ê–¢–¨ –°–ü–ê–°–ò–ë–û –í–†–ê–ß–ê–ú –û–§–¢–ê–õ–¨–ú–û–õ–û–ì–ê–ú,–ë–õ–ê–ì–û–î–ê–†–Ø –ö–û–¢–û–†–´–ú –Ø –¢–ï–ü–ï–†–¨ –í–ò–ñ–£.
–ó–î–ï–°–¨ –ù–ï –û –ó–ê–†–ü–õ–ê–¢–ï –†–ï–ß–¨,–ê –ö–í–ê–õ–ò–§–ò–ö–ê–¶–ò–ò –í–†–ê–ß–ï–ô. –£ –ù–ê–° –ü–†–ï–ö–†–ê–°–ù–´–ï –í–†–ê–ß–ò, –ò –Ø –ë–õ–ê–ì–û–î–ê–†–Æ –ò–• –ó–ê –ü–û–ú–û–©–¨.",post,post,1,8597756,19.1.1945,1,–±–ª–∞–≥–æ,1.0,,"78,5",3.0,,,,,,,,,,2
159,159,159,83872556,"–°–∫–∏–Ω—å—Ç–µ –ø–∞—Ä—É —Å–µ—Ä–∏–∞–ª—å—á–∏–∫–æ–≤ –Ω–æ—Ä–º–∞–ª—å–Ω—ã—Ö –∫–æ–º—É –Ω–∏ —Å–ª–æ–∂–Ω–æ) –∫–æ—Ç–æ—Ä—ã–µ —Ä–µ–∞–ª—å–Ω–æ –∏–Ω—Ç–µ—Ä–µ—Å–Ω—ã–µ 
–ñ–µ–ª–∞—Ç–µ–ª—å–Ω–æ —Ñ–∞–Ω—Ç–∞—Å—Ç–∏–∫—É üòÅ –±—É–¥—É –±–µ–∑–º–µ—Ä–Ω–æ –±–ª–∞–≥–æ–¥–∞—Ä–Ω–∞ ‚ô•Ô∏è –∞ —Ç–æ —è –ø–æ—Ö–æ–¥—É –¥–µ–ª–∞ —É–∂–µ –≤—Å—ë –ø–µ—Ä–µ—Å–º–æ—Ç—Ä–µ–ª–∞..",post,post,1,8567251,25.5.1983,1,–±–ª–∞–≥–æ,1.0,,"40,1",3.0,,,,,,,,,,1
160,160,160,124644270,"–ó–∞—Ä–ø–ª–∞—Ç–∞ –Ω–∞–ø–∞–¥–∞—é—â–µ–≥–æ –ê–ª–µ–∫—Å–∞–Ω–¥—Ä–∞ –ö–æ–∫–æ—Ä–∏–Ω–∞ –ø–æ —É—Å–ª–æ–≤–∏—è–º –∫–æ–Ω—Ç—Ä–∞–∫—Ç–∞ —Å ¬´–ó–µ–Ω–∏—Ç–æ–º¬ª –ø—Ä–∏—Ä–∞–≤–Ω–µ–Ω–∞ –∫ –ú–†–û–¢—É. –ù–∞ –º–æ–º–µ–Ω—Ç –∑–∞–∫–ª—é—á–µ–Ω–∏—è –¥–æ–≥–æ–≤–æ—Ä–∞ –≤ —Å–µ–Ω—Ç—è–±—Ä–µ 2019-–≥–æ –æ–Ω–∞ —Å–æ—Å—Ç–∞–≤–ª—è–ª–∞ 11280 —Ä—É–±–ª–µ–π, —Å–æ–æ–±—â–∞–µ—Ç –ø—Ä–∏–Ω–∞–¥–ª–µ–∂–∞—â–µ–µ –ì—Ä–∏–≥–æ—Ä–∏—é –ë–µ—Ä–µ–∑–∫–∏–Ω—É –†–ë–ö. 
 
–£—Ç–æ—á–Ω—è–µ—Ç—Å—è, —á—Ç–æ —Ñ—É—Ç–±–æ–ª–∏—Å—Ç —Å—Ä–∞–∑—É –∂–µ –ø—Ä–∏–Ω—è–ª —É—Å–ª–æ–≤–∏—è –∫–ª—É–±–∞, –ø–æ—Ç–æ–º—É —á—Ç–æ –±—ã–ª –±–ª–∞–≥–æ–¥–∞—Ä–µ–Ω –µ–º—É –∑–∞ –ø–æ–¥–¥–µ—Ä–∂–∫—É. –¢–∞–∫–∏–º –æ–±—Ä–∞–∑–æ–º –µ–≥–æ –∑–∞—Ä–ø–ª–∞—Ç–∞ —è–≤–ª—è–µ—Ç—Å—è —Å–∞–º–æ–π –º–∞–ª–µ–Ω—å–∫–æ–π —Å—Ä–µ–¥–∏ –≤—Å–µ—Ö —Ñ—É—Ç–±–æ–ª–∏—Å—Ç–æ–≤ –†–æ—Å—Å–∏–π—Å–∫–æ–π –ø—Ä–µ–º—å–µ—Ä-–ª–∏–≥–∏, –ø–∏—à–µ—Ç –∏–∑–¥–∞–Ω–∏–µ. —Ö–æ—Ä–æ—à–æ —á—Ç–æ —Ö–æ—Ç—å –∫—É–¥–∞ —Ç–æ –≤–∑—è–ª–∏!",post,post,1,8561315,1.1.1902,2,–±–ª–∞–≥–æ,,,,,,,,,,,,,,0
161,161,161,411082717,"üëáüèøüëáüèøüëáüèøüëáüèøüëáüèøüëáüèøüëáüèøüëáüèøüëáüèøüëáüèøüëáüèø
üëâüèøüëáüèæüëáüèæüëáüèæüëáüèæüëáüèæüëáüèæüëáüèæüëáüèæüëáüèæüëàüèø
üëâüèøüëâüèæüëáüèΩüëáüèΩüëáüèΩüëáüèΩüëáüèΩüëáüèΩüëáüèΩüëàüèæüëàüèø
üëâüèøüëâüèæüëâüèΩüëáüèºüëáüèºüëáüèºüëáüèºüëáüèºüëàüèΩüëàüèæüëàüèø
üëâüèøüëâüèæüëâüèΩüëâüèºüëáüèªüëáüèªüëáüèªüëàüèºüëàüèΩüëàüèæüëàüèø
üëâüèøüëâüèæüëâüèΩ üëâüèº –¢—ã–ø–∏–¥–æ—ÄüëàüèºüëàüèΩüëàüèæüëàüèø
üëâüèøüëâüèæüëâüèΩüëâüèºüëÜüèªüëÜüèªüëÜüèªüëàüèºüëàüèΩüëàüèæüëàüèø
üëâüèøüëâüèæüëâüèΩüëÜüèºüëÜüèºüëÜüèºüëÜüèºüëÜüèºüëàüèΩüëàüèæüëàüèø
üëâüèøüëâüèæüëÜüèΩüëÜüèΩüëÜüèΩüëÜüèΩüëÜüèΩüëÜüèΩüëÜüèΩüëàüèæüëàüèø
üëâüèøüëÜüèæüëÜüèæüëÜüèæüëÜüèæüëÜüèæüëÜüèæüëÜüèæüëÜüèæüëÜüèæüëàüèø
üëÜüèøüëÜüèøüëÜüèøüëÜüèøüëÜüèøüëÜüèøüëÜüèøüëÜüèøüëÜüèøüëÜüèøüëàüèø
Upd. –ü–∞—Å–∏–±–∫–∏ –∑–∞ –ª–∞–π–∫–∏, –Ω–µ –∑—Ä—è –ø–æ—Å–ª–µ–¥–Ω—é—é —Ä–∞–º–æ—á–∫—É —Å–∞–º –ø–∏—Å–∞–ªüòÅ",post,post,1,8529923,9.4.2000,2,–ø–∞—Å–∏–±–æ,1.0,,"23,2",2.0,,,,,,,,,,1
162,162,162,16701304,"–Ø –∫–æ–Ω–µ—á–Ω–æ –Ω–µ —É—á—ë–Ω—ã–π –∏ –Ω–µ –≤—Ä–∞—á, –ù–û! –ö–∞–∫ —è –ø–æ–Ω—è–ª —ç—Ç–æ —ç–∫–º–æ —Å–Ω–∞–±–∂–∞–µ—Ç –æ—Ä–≥–∞–Ω–∏–∑–º –∫–∏—Å–ª–æ—Ä–æ–¥–æ–º –∫–æ–≥–¥–∞ —Ç–≤–æ–∏ –æ—Ä–≥–∞–Ω—ã –¥—ã—Ö–∞–Ω–∏—è —Å —ç—Ç–∏–º —É–∂–µ –Ω–µ —Å–ø—Ä–∞–≤–ª—è—é—Ç—Å—è. –¢–∏–ø–∞:
- –¥–æ–∫—Ç–æ—Ä, –º–æ–∏ –¥—ã—Ö–∞—Ç–µ–ª—å–Ω—ã–µ –ø—É—Ç–∏ –ø–æ—Ä–∞–∂–µ–Ω—ã, —è –Ω–µ –º–æ–≥—É –Ω–æ—Ä–º–∞–ª—å–Ω–æ –¥—ã—à–∞—Ç—å!
- –≤–æ—Ç –≤–∞–º —É—Å—Ç—Ä–æ–π—Å—Ç–≤–æ —á—Ç–æ–±—ã –¥—ã—à–∞—Ç—å —á–µ—Ä–µ–∑ –∂–æ–ø—É, –≤–∏—Ä—É—Å –¥–æ –Ω–µ–µ –ø–æ–∫–∞ –Ω–µ –¥–æ–±—Ä–∞–ª—Å—è
- –æ–∫–µ–π, —Å–ø—Å –¥–æ–∫, –∞ —á—Ç–æ —Å –≤–∏—Ä—É—Å–æ–º —Ç–æ –¥–µ–ª–∞—Ç—å?
- üåö",post,post,1,8497396,,2,—Å–ø—Å,,,,,,,,,,,,,,2
163,163,163,207177406,–°–ø—Å,post,post,1,8470663,,2,—Å–ø—Å,,,,,,,,,,,,,,0
164,164,164,28850472,–°–ü–° –∑–∞ –ø–µ—Ä–µ–≤–æ–¥,post,post,1,8466109,,2,—Å–ø—Å,,,,,,,,,,,,,,0
165,165,165,27651413,–°—É–∫–∞–∞–∞–∞ –≤—ã–º—Ä–∏—Ç–µ...  –°–ø—Å,post,post,1,8465246,,2,—Å–ø—Å,,,,,,,,,,,,,,2
166,166,166,447321382,"5469 2000 1966 5396 —Å–±–µ—Ä 
–Ø —á–µ—Å—Ç–Ω–æ –∏ –æ—Ç–∫—Ä—ã—Ç–æ –∑–∞—è–≤–ª—è—é, —á—Ç–æ —è –Ω–∏—â–∏–π —Å—Ç—É–¥–µ–Ω—Ç –∏ –Ω–µ –º–æ–≥—É –ø–æ–∑–≤–æ–ª–∏—Ç—å —Å–µ–±–µ –ø–∞—á–∫—É —Å–∏–≥–∞—Ä–µ—Ç... –û–±–µ—â–∞—é, —á—Ç–æ –ø–æ—Ç—Ä–∞—á—É –∏—Ö –Ω–∞ —Å–∏–≥–∞—Ä–µ—Ç—ã. –ë—É–¥—É –æ—á–µ–Ω—å –±–ª–∞–≥–æ–¥–∞—Ä–µ–Ω",post,post,1,8451042,6.3.1994,1,–±–ª–∞–≥–æ,1.0,,"29,3",2.0,,,,,,,,,,1
