,Unnamed: 0,Unnamed: 0.1,author,text,whom,context,level,post,ages,sex,label,–ø–æ–ª–Ω–∞—è –¥–∞—Ç–∞,–¥—É–±–ª–∏–∫–∞—Ç—ã,"–í–æ–∑—Ä–∞—Å—Ç, –ª–µ—Ç",–≤–æ–∑—Ä–∞—Å—Ç –ª–µ–π–±–ª,–±–ª–∞–≥–æ 153,–º–µ—Ä—Å–∏ 2,–ø–∞—Å–∏–± 41,—Å–ø—Å 105,Unnamed: 19,Unnamed: 20,Unnamed: 21,Unnamed: 22,Unnamed: 23,Unnamed: 24,6/24/2023,sentiment
0,0,0,85799398,"–°–ø—Å –∑–∞ –∫–æ–º–º–µ–Ω—Ç–∞—Ä–∏–π –ø–æ–¥ –∫–∞—Ä—Ç–∏–Ω–∫–æ–π, –∞ —Ç–æ –Ω–µ –∑–Ω–∞–ª –∫–∞–∫ —Å–µ–±—è –≤–µ—Å—Ç–∏ –∏ —Ç—É—Ç –ø–æ–Ω—è–ª –≤ –∫–∞–∫–æ–º –≤–µ–∫—Ç–æ—Ä–µ –º–Ω–µ –¥–≤–∏–≥–∞—Ç—å—Å—è . –Ø –±—ã–ª–æ —á—É—Ç—å –Ω–µ —Ä–∞—Å—Ç–µ—Ä—è–ª—Å—è , –Ω–æ —Ç–µ–ø–µ—Ä—å —Ç–æ –≤—Å–µ —è—Å–Ω–æ. –û–≥—Ä–æ–º–Ω–æ–µ —Å–ø–∞—Å–∏–±–æ!",post,post,1,28031114,3.7,2,—Å–ø—Å,,,,,,,,,,,,,,,,1
1,1,1,680444792,"–í—Å–µ–º –ø—Ä–∏–≤–µ—Ç, –Ω–∞–ø–∏—à–∏—Ç–µ –≤ –ª—Å, –ø—Ä–æ—Å—Ç–æ —Å–æ–æ–±—â–µ–Ω–∏—è –∫–æ–ø–ª—é, –∑–∞—Ä–∞–Ω–µ–µ –±–ª–∞–≥–æ–¥–∞—Ä–µ–Ω",post,post,1,28030202,22.9,2,–±–ª–∞–≥–æ,,,,,,,,,,,,,,,,0
2,2,2,687244767,–ê –≤–æ—Ç –∏ –∫—Ä–∞—Å–Ω–∞—è —Ñ–∏–≥–Ω—è –¥–ª—è –±–æ—Ä—â–∞ —Å–ø—Å,post,post,1,28015863,27.8.2006,1,—Å–ø—Å,1.0,,"16,8",1.0,,,,,,,,,,,,0
3,3,3,284405237,–ü–∞—Å–∏–±–æ,post,post,1,28014015,14.10.2002,2,–ø–∞—Å–∏–±–æ,1.0,,"20,7",2.0,,,,,,,,,,,,1
4,4,4,655993189,—Å–ø—Å,post,post,1,28014015,8.10,1,—Å–ø—Å,,,,,,,,,,,,,,,,1
5,5,5,558778929,–¢–µ —Å–∞–º—ã–µ –ª–µ–≤—à–∏: –º–º–º –ø–∞—Å–∏–±–∞,post,post,1,27986276,12.8.2007,1,–ø–∞—Å–∏–±–æ,1.0,,"15,9",1.0,,,,,,,,,,,,0
6,6,6,85799398,"–°–ø—Å –∑–∞ –¥–æ–ø –∫–æ–º–º–µ–Ω—Ç–∞—Ä–∏–π. –ù–µ –∑–Ω–∞–ª –∫–∞–∫ —Ä–µ–∞–≥–∏—Ä–æ–≤–∞—Ç—å , —É–∂–µ —Ä—É–∫–∏ –æ–ø—É—Å–∫–∞–ª–∏—Å—å, –¥—É–º–∞–ª —á—Ç–æ –≤—Å—ë, —ç—Ç–æ –∫–æ–Ω–µ—Ü. –í–µ–¥—å —É –º–µ–Ω—è 0.5 –∫–ª–∞—Å—Å–æ–≤ –æ–±—Ä–∞–∑–æ–≤–∞–Ω–∏—è , —è –Ω–µ –º–æ–≥—É —Å–∞–º —Ä–µ—à–∏—Ç—å –∫–∞–∫ —Ä–µ–∞–≥–∏—Ä–æ–≤–∞—Ç—å, –Ω–æ –≤—Å–µ –∏–∑–º–µ–Ω–∏–ª–æ—Å—å, –∫–∞–∫ —Ç–æ–ª—å–∫–æ —è —É–≤–∏–¥–µ–ª –∫–æ–º–º–µ–Ω—Ç–∞—Ä–∏–π –ø–æ–¥ –ø–æ—Å—Ç–æ–º —Å —Ä–µ–∞–∫—Ü–∏–µ–π –∏ —Ç–µ–ø–µ—Ä—å –º–æ—è –∂–∏–∑–Ω—å —Å–∏—è–µ—Ç –Ω–æ–≤—ã–º–∏ –∫—Ä–∞—Å–∫–∞–º–∏ ! –°–ø–∞—Å–∏–±–æ –ø–∞–ø–∞—à–∞ , –∑–∞ —ç—Ç–æ—Ç –Ω–æ–≤—ã–π –†–µ–Ω–æ –õ–æ–≥–∞–Ω 20 –≤–µ–∫–∞",post,post,1,27984919,3.7,2,—Å–ø—Å,,,,,,,,,,,,,,,,0
7,7,7,85799398,"–°–ø—Å –∑–∞ –∫–∞—Ä—Ç–∏–Ω–∫—É –≤ –∫–æ–Ω—Ü–µ, –Ω–µ –∑–Ω–∞–ª –∫–∞–∫ —Ä–µ–∞–≥–∏—Ä–æ–≤–∞—Ç—å –¥–∞–∂–µ",post,post,1,27982173,3.7,2,—Å–ø—Å,,,,,,,,,,,,,,,,0
8,8,8,523050027,–£ –∫–æ–≥–æ –¢–µ–ª–µ2 –∫—Ç–æ –º–æ–∂–µ—Ç –ø–µ—Ä–µ–¥–∞—Ç—å –ì–∏–≥–∏ –ø–∏—à–∏ –≤ –õ–° –±—É–¥—É –±–ª–∞–≥–æ–¥–∞—Ä–µ–Ω –∑–∞ –ø–æ–º–æ—â—å,post,post,1,27946404,23.7.2006,2,–±–ª–∞–≥–æ,1.0,,"16,9",1.0,,,,,,,,,,,,0
9,9,9,755166940,–°–ø—Å –∑–∞ –¥–µ—Ç—Å—Ç–≤–æ! üòº,post,post,1,27930315,12.2.2001,2,—Å–ø—Å,1.0,,"22,4",2.0,,,,,,,,,,,,0
10,10,10,703513890,–ö–æ—Ç –æ—Å–æ–±–µ–Ω–Ω–æ –±–ª–∞–≥–æ–¥–∞—Ä–µ–Ω :),post,post,1,27922848,,1,–±–ª–∞–≥–æ,,,,,,,,,,,,,,,,1
11,11,11,481384714,–ë–ª–∞–≥–æ–¥–∞—Ä—é –±—Ä–æ,post,post,1,27881247,,2,–±–ª–∞–≥–æ,,,,,,,,,,,,,,,,0
12,12,12,711832819,–ë–ª–∞–≥–æ–¥–∞—Ä—é —Ç–µ–±—è —Å–ø—Ä–∞–π—Ç —è —Ç–µ–ø–µ—Ä—å –≤ —Å–µ–±—è –≤–µ—Ä—é —Å–ø–∞—Å–∏–±–æ,post,post,1,27865708,10.2,2,–±–ª–∞–≥–æ,,,,,,,,,,,,,,,,1
13,13,13,763520467,–°–ø—Å –∑–∞ –ø–æ–Ω–æ—Å üíã,post,post,1,27864174,14.8.2006,2,—Å–ø—Å,1.0,,"16,9",1.0,,,,,,# —é–∑–µ—Ä–æ–≤,,,,,,0
14,14,14,363995357,–°–ø—Å,post,post,1,27860116,29.11.1988,2,—Å–ø—Å,1.0,,"34,6",3.0,,,,,0-18,53,,,,,,0
15,15,15,649369639,—Å–ø—Å,post,post,1,27854350,24.10,1,—Å–ø—Å,,,,,,,,,,,,,,,,1
16,16,16,755166940,–°–ø—Å –ø—Ç–∏—á–∫–∞–º –æ—Ç –í–ª–∞–¥–∏–∫–∞! üòπ,post,post,1,27850448,12.2.2001,2,—Å–ø—Å,1.0,,"22,4",2.0,,,,,18-30,79,,,,,,0
17,17,17,518633675,–°–ø—Å —è —Ç–µ–ø–µ—Ä—å –∂—Ä–∞—Ç—å —Ö–æ—á—É,post,post,1,27782886,17.1.2005,2,—Å–ø—Å,1.0,,"18,4",2.0,,,,,30+,18,,,,,,1
18,18,18,772894056,—Å–ø—Å –∫–∞–ª–∏–Ω–∏–Ω–≥—Ä–∞–¥,post,post,1,27768640,7.5.2008,1,—Å–ø—Å,1.0,,"15,1",1.0,,,,,,,,,,,,0
19,19,19,716784314,–ü–∞—Å–∏–±–∞ –±—Ä–æ,post,post,1,27745343,5.4.2003,1,–ø–∞—Å–∏–±–æ,1.0,,"20,2",2.0,,,,,,,,,,,,0
20,20,20,183519216,–°–ø—Å –∑–∞ –≤–µ—Å–µ–ª—å–µü§£ü§£ü§£,post,post,1,27723988,13.3.1971,2,—Å–ø—Å,1.0,,"52,3",3.0,,,,,,,,,,,,0
21,21,21,755166940,–°–ø—Å —Ä–µ–±—è—Ç–∞ ! üòº,post,post,1,27705806,12.2.2001,2,—Å–ø—Å,1.0,,"22,4",2.0,,,,,,,,,,,,0
22,22,22,236289682,"–ù–µ, –ø–∞—Å–∏–±–æ. –£ –º–µ–Ω—è –∫–æ—Ç —Ö–æ—Ä–æ—à–∏–π, –º–Ω–µ –µ–≥–æ –¥–æ—Å—Ç–∞—Ç–æ—á–Ω–æ.",post,post,1,27696005,4.9.1998,2,–ø–∞—Å–∏–±–æ,1.0,,"24,8",2.0,,,,,,,,,,,,1
23,23,23,573232388,–°–ø—Å –∑–∞ –∏–Ω—Ñ—É,post,post,1,27685020,16.8.1952,1,—Å–ø—Å,,,,,,,,,,,,,,,,0
24,24,24,90322144,"–ö–∞–∫ –∂–µ —è –±–µ–∑–º–µ—Ä–Ω–æ –±–ª–∞–≥–æ–¥–∞—Ä–µ–Ω —Ç—É–øop—ã–ª—ã–º –º–∞–º–∞—à–∞–º, –∫–æ—Ç–æ—Ä—ã–µ –∑–∞–∫–ª–µ–∏–≤–∞—é—Ç —Å—Ç–∏–∫–µ—Ä–∞–º–∏ —Ä–æ–∂–∏ —Å–≤–æ–∏—Ö –≤—ãcep–∫–æ–≤. –Ø —Ä–µ–∞–ª—å–Ω–æ –Ω–µ —Ö–æ—á—É –∏—Ö –≤–∏–¥–µ—Ç—å",post,post,1,27682651,,2,–±–ª–∞–≥–æ,,,,,,,,,,,,,,,,1
25,25,25,523050027,–£ –∫–æ–≥–æ —Ç–µ–ª–µ2 –∫—Ç–æ –º–æ–∂–µ—Ç –ø–µ—Ä–µ–¥–∞—Ç—å –≥–∏–≥–∏ –ø–∏—à–∏–≤ –õ–° –±—É–¥—É –±–ª–∞–≥–æ–¥–∞—Ä–µ–Ω –∑–∞ –ø–æ–º–æ—â—å,post,post,1,27667311,23.7.2006,2,–±–ª–∞–≥–æ,1.0,,"16,9",1.0,,,,,,,,,,,,1
26,26,26,539020222,—Å–ø—Å,post,post,1,27653376,12.12.2004,2,—Å–ø—Å,1.0,,"18,5",2.0,,,,,,,,,,,,1
27,27,27,680614786,"—è —Å–µ–¥–Ω—è –≤–æ–æ–±—â–µ –Ω–µ –∑–∞–≤—Ç—Ä–∞–∫–∞–ª–∞, —Å–ø—Å",post,post,1,27631137,30.4,1,—Å–ø—Å,,,,,,,,,,,,,,,,2
28,28,28,77240993,"–ü–∞—Å–∏–±–∞, –±–µ–∑ –ø–æ–¥–ø–∏—Å–∏ —Å–Ω–∏–∑—É, —è –± –Ω–µ –ø–æ–Ω—è–ª, —á—Ç–æ –æ–Ω–∞ —Ö–æ—Ä–æ—à–∞—èüòåü§ù",post,post,1,27619987,21.7,2,–ø–∞—Å–∏–±–æ,,,,,,,,,,,,,,,,1
29,29,29,172970065,"–†–µ–±—è—Ç —Å–∫–∏–Ω—å—Ç–µ –≥–∏–≥–æ–≤ –µ—Å–ª–∏ –Ω–µ —Å–ª–æ–∂–Ω–æ, –±—É–¥—É –±–ª–∞–≥–æ–¥–∞—Ä–µ–Ω 89539811929",post,post,1,27617908,5.6,2,–±–ª–∞–≥–æ,,,,,,,,,,,,,,,,0
30,30,30,729954671,"–°–ø—Å –∑–∞ –≥–∞–π–¥, –ø–æ–º–æ–≥–∞–µ—Ç–µ –∏–Ω—Ü–µ–ª–∞–º –æ—Å—Ç–∞—Ç—å—Å—è –∏–Ω—Ü–µ–ª–∞–º–∏",post,post,1,27615014,30.7.2001,2,—Å–ø—Å,1.0,,"21,9",2.0,,,,,,,,,,,,2
31,31,31,618262562,–°–ø—Å,post,post,1,27598341,25.2,1,—Å–ø—Å,,,,,,,,,,,,,,,,0
32,32,32,744947547,–ë–ª–∞–≥–æ–¥–∞—Ä—é üôè,post,post,1,27586268,10.9.1975,2,–±–ª–∞–≥–æ,1.0,,"47,8",3.0,,,,,,,,,,,,0
33,33,33,618890681,"–û—á–µ–Ω—å —Ä–∞–¥–∞ –∑–∞ —á–µ–ª–æ–≤–µ–∫–∞, –∏ –æ—á–µ–Ω—å –±–ª–∞–≥–æ–¥–∞—Ä–Ω–∞ –ø–æ —Å—É—Ç–∏ —Å–æ–±–∞–∫–∏",post,post,1,27578998,20.6.2007,1,–±–ª–∞–≥–æ,1.0,,"16,0",1.0,,,,,,,,,,,,1
34,34,34,523050027,–£ –∫–æ–≥–æ –¢–µ–ª–µ2 –∫—Ç–æ –º–æ–∂–µ—Ç –ø–µ—Ä–µ–¥–∞—Ç—å –≥–∏–≥–∏ –æ—á–µ–Ω—å –Ω—É–∂–Ω–æ –ø–∏—Å–∞—Ç—å –≤ –õ–° –±—É–¥—É –±–ª–∞–≥–æ–¥–∞—Ä–µ–Ω,post,post,1,27556744,23.7.2006,2,–±–ª–∞–≥–æ,1.0,,"16,9",1.0,,,,,,,,,,,,1
35,35,35,776411536,–°–ø—Å —è —á—É—Ç—å –Ω–µ –∑–∞–±—ã–ª,post,post,1,27532070,27.3.1999,2,—Å–ø—Å,1.0,,"24,3",2.0,,,,,,,,,,,,0
36,36,36,631201891,–°–ø—Å –∑–∞ –ø–∏–Ω –∫–æ–¥,post,post,1,27528542,22.12.1991,2,—Å–ø—Å,1.0,,"31,5",3.0,,,,,,,,,,,,0
37,37,37,777291600,–°–ø—Å,post,post,1,27520101,,1,—Å–ø—Å,,,,,,,,,,,,,,,,0
40,40,40,523050027,–£ –∫–æ–≥–æ –¢–µ–ª–µ2 –∫—Ç–æ –º–æ–∂–µ—Ç –ø–µ—Ä–µ–¥–∞—Ç—å –≥–∏–≥–∏ –æ—á–µ–Ω—å –Ω—É–∂–Ω–æ –ø–∏—Å–∞—Ç—å –≤ –õ–° –±—É–¥—É –±–ª–∞–≥–æ–¥–∞—Ä–µ–Ω,post,post,1,27494212,23.7.2006,2,–±–ª–∞–≥–æ,1.0,,"16,9",1.0,,,,,,,,,,,,1
41,41,41,558312469,–ø–∞—Å–∏–±–∫–∏),post,post,1,27474233,27.4.2008,2,–ø–∞—Å–∏–±–æ,1.0,,"15,2",1.0,,,,,,,,,,,,0
42,42,42,658274170,–°–ø—Å - –°–∞—Å–∏ –ø–æ–∫–∞ —Å—Ç–æ–∏—Ç!,post,post,1,27459748,13.4.2000,2,—Å–ø—Å,1.0,,"23,2",2.0,,,,,,,,,,,,0
43,43,43,739881728,—Å–ø—Å –∑–∞ –∞–≤–∫—É,post,post,1,27454743,,1,—Å–ø—Å,,,,,,,,,,,,,,,,1
44,44,44,454885316,–ë–ª–∞–≥–æ–¥–∞—Ä—é,post,post,1,27446371,,2,–±–ª–∞–≥–æ,,,,,,,,,,,,,,,,0
46,46,46,586610983,–õ–µ–≥–µ–Ω–¥–∞ —Å–ø—Å –∑–∞ —Ñ–∏–ª—å–º—ã –æ–±–æ–∂–∞—é —Å–º–æ—Ç—Ä–µ—Ç—å —Ä–∞–∑ –≤ –ø–æ–ª –≥–æ–¥–∞,post,post,1,27429429,,2,—Å–ø—Å,,,,,,,,,,,,,,,,1
50,50,50,585232086,"–ü–∞—Å–∏–±, –∞–¥–º–∏–Ω",post,post,1,27399962,19.8.2006,2,–ø–∞—Å–∏–±–æ,1.0,,"16,9",1.0,,,,,,,,,,,,0
51,51,51,662276340,"–•–∞—Ö–∞, –±–ª–∞–≥–æ–¥–∞—Ä—Å—Ç–≤—É—é",post,post,1,27399962,24.8.2006,1,–±–ª–∞–≥–æ,1.0,,"16,8",1.0,,,,,,,,,,,,1
52,52,52,489373397,–ù—É –ø–∞—Å–∏–±–∞–∞–∞–∞–∞ ‚ù§üòÇ,post,post,1,27399962,11.10.2000,1,–ø–∞—Å–∏–±–æ,1.0,,"22,7",2.0,,,,,,,,,,,,1
53,53,53,668610078,–ü–∞—Å–∏–±–∞...,post,post,1,27399962,,1,–ø–∞—Å–∏–±–æ,,,,,,,,,,,,,,,,2
54,54,54,208272221,–ü–∞—Å–∏–±–∫–∏ üòÑ,post,post,1,27399962,12.11.2002,2,–ø–∞—Å–∏–±–æ,1.0,,"20,6",2.0,,,,,,,,,,,,1
58,58,58,224048751,—Å–ø—Å –∑–∞ –ø–æ–≤–æ–¥,post,post,1,27391925,1.9,2,—Å–ø—Å,,,,,,,,,,,,,,,,1
59,59,59,553031745,—Å–ø—Å –∑–∞ –∏–¥–µ—é,post,post,1,27355593,12.5.2008,1,—Å–ø—Å,1.0,,"15,1",1.0,,,,,,,,,,,,1
60,60,60,557449702,–≠—Ç–æ –º–æ–π –¥—Ä. –°–ø—Å,post,post,1,27335774,16.1,2,—Å–ø—Å,,,,,,,,,,,,,,,,0
61,61,61,606267842,"–°–ø–∞—Å–∏–±–æ, –µ—Å–ª–∏ –±—ã –Ω–µ –≤—ã —è –±—ã –Ω–µ —É–∑–Ω–∞–ª —á—Ç–æ —Å–µ–≥–æ–¥–Ω—è –ø—è—Ç–Ω–∏—Ü–∞ 13 —Å–ø—Å",post,post,1,27312114,15.6,2,—Å–ø—Å,,,,,,,,,,,,,,,,1
62,62,62,548358372,"–î–ª—è —Ç–æ–≥–æ —á—Ç–æ–±—ã –æ—Ç–≤–µ—Ç–∏—Ç—å –¥–∞ –∏–ª–∏ –Ω–µ—Ç –Ω—É–∂–Ω–æ —Ä–∞—Å—Å—Ç–∞–≤–∏—Ç—å –≥—Ä–∞–Ω–∏—Ü—ã —á—Ç–æ –ø–æ–Ω–∏–º–∞–µ—Ç—Å—è –ø–æ–¥ –ª—é–±–æ–≤—å—é - —è —Å—á–∏—Ç–∞—é —ç—Ç–æ –¥–æ–≤–µ—Ä–∏–µ –ø–æ–Ω–∏–º–∞–Ω–∏–µ –∏ –µ—Å—Ç–µ—Å—Ç–≤–µ–Ω–Ω–æ –∑–∞–±–æ—Ç–∞ –≤—Å—ë —ç—Ç–æ —Å–æ–∑–¥–∞—ë—Ç –≥—Ä–∞–Ω–∏—Ü—ã –¥–ª—è –ª—é–±–≤–∏ –∫ –∫–æ–º—É –ª–∏–±–æ –Ω–∞–ø—Ä–∏–º–µ—Ä –∫ –∫–æ—à–∫–µ —Å–æ–±–∞–∫–µ –∏ –µ—Å—Ç–µ—Å—Ç–≤–µ–Ω–Ω–æ –∂–µ–ª–∞—Ç–µ–ª—å–Ω–æ –∫ –ø—Ä–æ—Ç–∏–≤–æ–ø–æ–ª–æ–∂–Ω–æ–º—É –ø–æ–ª—É, –∞ –Ω–µ –Ω–∞–æ–±–æ—Ä–æ—Ç –∫–∞–∫ —Å–ª—É—á–∞–µ—Ç—Å—è –≤ –Ω—ã–Ω–µ—à–Ω–µ–π –≤—Ä–µ–º—èü§ê –¢–∞–∫ –≤–æ—Ç —Å—Ä–∞–∑—É –≤–ª—é–±–∏—Ç—å—Å—è –Ω–µ–≤–æ–∑–º–æ–∂–Ω–æ, —Ç–∞–∫ –∫–∞–∫ —Ö–∞—Ä–∞–∫—Ç–µ—Ä –¥–∞–Ω–Ω–æ–≥–æ –Ω–∞ –¥–∞–Ω–Ω—ã–π –º–æ–º–µ–Ω—Ç —á–µ–ª–æ–≤–µ–∫–∞ –µ–≥–æ –∏–Ω—Ç–µ—Ä–µ—Å—ã –º–æ–∂–Ω–æ —É–∑–Ω–∞—Ç—å –ª–∏—à—å —Å–æ –≤—Ä–µ–º–µ–Ω–µ–º, –≤—Ä–µ–º—è –º–æ–∂–µ—Ç —Ä–∞—Å—Ç—è–≥–∏–≤–∞—Ç—Å—è –∫–∞–∫ –æ—Ç —Å–∫—Ä—ã—Ç–Ω–æ—Å—Ç–∏ —Ç–æ–≥–æ –ª–∏—Ü–∞ –∫ –∫–æ–º—É –ø—Ä–æ—è–≤–ª–µ–Ω –∏–Ω—Ç–µ—Ä–µ—Å, —Ç–∞–∫ –∏ —Ç–æ–≥–æ –ª–∏—Ü–∞ –∫–æ—Ç–æ—Ä—ã–π –∑–∞–∏–Ω—Ç–µ—Ä–µ—Å–æ–≤–∞–Ω –≤ –ø–∞—Ä—Ç–Ω—ë—Ä—à–µ –≤ –Ω–∞—Å—Ç–æ–π—á–∏–≤–æ—Å—Ç–∏ –∏ –ø—Ä–æ—è–≤–ª–µ–Ω–∏–µ –≤–Ω–∏–º–∞–Ω–∏–µ –∞–∫—Ü–µ–Ω—Ç–æ–≤ —á—Ç–æ–±—ã —É–∑–Ω–∞—Ç—å.
    –£–≤—ã —á–∞—Å—Ç—å –Ω—ã–Ω–µ—à–Ω–µ–π –º–æ–ª–æ–¥—ë–∂–∏ –≤—Å—ë —ç—Ç–æ –¥–µ–ª–∞–µ—Ç –ø–æ–¥ –∞–ª–∫–æ–≥–æ–ª—å–Ω—ã–º –æ–ø—å—è–Ω–µ–Ω–∏–µ–º –ø–æ—Ä–æ–π —ç—Ç–æ –ø—Ä–∏–≤–æ–¥–∏—Ç –∫ –∑–∞–ª–µ—Ç—É, –≤ –∏—Ç–æ–≥–µ –æ–±—ã—á–Ω–æ –≤ —Ç–∞–∫–∏—Ö —Å–ª—É—á–∞—è—Ö —Ä–µ–±—ë–Ω–æ–∫ —Ä–∞—Å—Ç—ë—Ç –±–µ–∑ –æ—Ç—Ü–∞, —è —Å—á–∏—Ç–∞—é –∫–∞–∫ –æ—Ç–µ—Ü —Ç–∞–∫ –∏ –º–∞–º–∞ –Ω–µ –º–æ–≥—É—Ç –≤ –ø–æ–ª–Ω–æ–π –º–µ—Ä–µ –∑–∞–º–µ–Ω–∏—Ç—å –¥—Ä—É–≥ –¥—Ä—É–≥–∞ –≤ –≤–æ—Å–ø–∏—Ç–∞–Ω–∏–µ —á–∞–¥–∞. –ï—Å–ª–∏ —è –Ω–µ –ø—Ä–∞–≤ –ø–æ–ø—Ä–∞–≤—å—Ç–µ, –∞ –∫—Ç–æ –¥–æ—á–∏—Ç–∞–ª –±–ª–∞–≥–æ–¥–∞—Ä—é –∑–∞ –≤–Ω–∏–º–∞–Ω–∏–µ.",post,post,1,27291078,9.2.1993,2,–±–ª–∞–≥–æ,1.0,,"30,4",3.0,,,,,,,,,,,,0
63,63,63,665148164,—Å–ø—Å,post,post,1,27271299,19.3.2008,1,—Å–ø—Å,1.0,,"15,3",1.0,,,,,,,,,,,,1
64,64,64,764546692,–°–ø—Å,post,post,1,27271299,7.3.2008,1,—Å–ø—Å,1.0,,"15,3",1.0,,,,,,,,,,,,0
65,65,65,603437908,—Å–ø—Å,post,post,1,27271017,,2,—Å–ø—Å,,,,,,,,,,,,,,,,1
66,66,66,722884530,—Å–ø—Å,post,post,1,27270922,30.1.1989,2,—Å–ø—Å,1.0,,"34,4",3.0,,,,,,,,,,,,1
67,67,67,612830631,"–ë–ª–∞–≥–æ–¥–∞—Ä—é –¥–∞–Ω–Ω–æ–≥–æ —á–µ–ª–æ–≤–µ–∫–∞ –∑–∞ —Ö–æ—Ä–æ—à–µ–µ –¥–µ—Ç—Å—Ç–≤–æ, –ø–æ–¥–∞—Ä–µ–Ω–æ–µ –µ–≥–æ –ø—Ä–æ–∏–∑–≤–µ–¥–µ–Ω–∏—è–º–∏ –∏—Å–∫—É—Å—Å—Ç–≤–∞",post,post,1,27261241,17.11.2003,2,–±–ª–∞–≥–æ,1.0,,"19,6",2.0,,,,,,,,,,,,1
68,68,68,670972322,–°–ø—Å,post,post,1,27233101,17.6.2004,2,—Å–ø—Å,1.0,,"19,0",2.0,,,,,,,,,,,,0
69,69,69,541782069,–±–ª–∞–≥–æ–¥–∞—Ä—é,post,post,1,27232470,12.7.1902,2,–±–ª–∞–≥–æ,,,,,,,,,,,,,,,,1
70,70,70,515464243,—Å–ø—Å,post,post,1,27232470,23.11,2,—Å–ø—Å,,,,,,,,,,,,,,,,1
71,71,71,565571104,–ü–∞—Å–∏–±–æ –∑–∞ —Ä–∞–∑—Ä–µ—à–µ–Ω–∏–µ,post,post,1,27231637,10.2.2000,2,–ø–∞—Å–∏–±–æ,1.0,,"23,4",2.0,,,,,,,,,,,,0
72,72,72,503424255,—Å–ø—Å,post,post,1,27231472,31.3.2002,1,—Å–ø—Å,1.0,,"21,2",2.0,,,,,,,,,,,,1
73,73,73,663022087,–ü–∞—Å–∏–±),post,post,1,27228052,12.10.1991,2,–ø–∞—Å–∏–±–æ,1.0,,"31,7",3.0,,,,,,,,,,,,0
74,74,74,466449787,"–û–¥–∏–Ω —á–µ–ª–æ–≤–µ–∫, –∫–æ—Ç–æ—Ä–æ–º—É  —è –æ—á–µ–Ω—å –±–ª–∞–≥–æ–¥–∞—Ä–µ–Ω",post,post,1,27212558,16.7.2003,2,–±–ª–∞–≥–æ,1.0,,"20,0",2.0,,,,,,,,,,,,1
75,75,75,752059008,[id682642545|–ê–Ω–Ω–∞] –∫–æ–Ω–µ—Ü –≥–æ–¥–∞ —è –±–ª–∞–≥–æ–¥–∞—Ä–µ–Ω —Ç–µ–±–µ,post,post,1,27208339,,2,–±–ª–∞–≥–æ,,,,,,,,,,,,,,,,0
76,76,76,669861596,–ê–≥–∞ –∫—Ç–æ —Å–Ω—è–ª —ç—Ç–æ —Ñ–æ—Ç–æ? –ú–Ω–µ —Å–≤–∏–¥–µ—Ç–µ–ª—å –Ω—É–∂–µ–Ω! –Ø –∑–∞—è–≤–ª–µ–Ω–∏–µ –≤ –ø–æ–ª–∏—Ü–∏—é –ø–æ–¥–∞–º –≤–æ—Ç –∫—Ç–æ —É–∫—Ä–∞–ª –º–æ—é —ë–ª–∫—É –±–ª–∞–≥–æ–¥–∞—Ä—é —Ç–æ–≥–æ –∫—Ç–æ —Å–Ω—è–ª —ç—Ç–æ —Ñ–æ—Ç–æ ü§ùü§ùü§ù,post,post,1,27200566,28.11.1989,2,–±–ª–∞–≥–æ,1.0,,"33,6",3.0,,,,,,,,,,,,1
77,77,77,621456665,–ö—Ç–æ —Å–º–æ–∂–µ—Ç —Å–∫–∏–Ω—É—Ç—å –≥–∏–≥–æ–≤ –Ω–∞ —Ç–µ–ª–µ2 –±—É–¥—É –æ—á–µ–Ω—å –±–ª–∞–≥–æ–¥–∞—Ä–µ–Ω,post,post,1,27200169,20.11.2004,2,–±–ª–∞–≥–æ,1.0,,"18,6",2.0,,,,,,,,,,,,1
78,78,78,670201024,—Å–ø—Å —Å–ø—Å —Å–ø—Å –≤—Å–µ—Ö –ª—é–±–ª—é —Å–ø—Å,post,post,1,27197708,4.4.2007,1,—Å–ø—Å,1.0,,"16,2",1.0,,,,,,,,,,,,1
79,79,79,540681144,—Å–ø—Å —è –∏ –¥—É–º–∞—é –≥–¥–µ –º–æ–∏ –æ—á–∫–∏ü•π,post,post,1,27185338,31.8.2002,1,—Å–ø—Å,1.0,,"20,8",2.0,,,,,,,,,,,,1
80,80,80,600808974,–°–ø—Å –µ–º—É ü•∫üòå‚ò∫Ô∏è,post,post,1,27170866,,1,—Å–ø—Å,,,,,,,,,,,,,,,,0
81,81,81,558671260,"–° –¥–Ω—ë–º —Ä–æ–∂–¥–µ–Ω–∏—è –¥–∏–º, —Ç—ã –±–ª–∏–Ω –Ω—É –∫—Ç–æ —Ç–∞–∫–æ–π? –î–∞ —Ç—ã –∫—Ä–∞—Å–∞–≤—á–∏–∫ –ø—Ä–æ—Å—Ç–æ, –ª—É—á—à–∏–π –Ω–∞ —ç—Ç–æ–π –ø–ª–∞–Ω–µ—Ç–µ, —Å—á–∞—Å—Ç—å—è, –∑–¥–æ—Ä–æ–≤—å—è, –¥–æ–ª–≥–∏—Ö –ª–µ—Ç, —Ä–∞–¥—É–π –Ω–∞—Å –∏ —Å–µ–±—è —á–µ–º —Ç–æ–ª—å–∫–æ –º–æ–∂–µ—à—å, –ø—Ä–æ—Å—Ç–æ —É—Å–ø–µ—Ö–æ–≤ —Ç–µ–±–µ –≤–æ –≤—Å—ë–º –¥–∏–º, –Ω—É –ø—Ä–æ—Å—Ç–æ –±–ª–∞–≥–æ–¥–∞—Ä–µ–Ω —Ç–≤–æ–∏–º —Ä–æ–¥–∏—Ç–µ–ª—è–º –∑–∞ —Ç–µ–±—è –æ—Ç –≤—Å–µ–π –¥—É—à–∏. –ù–∞ –≤—ã—Å–æ—Ç–µ –¥–∏–º, —Ç–∞–∫–∏–º –∏ –±—É–¥—å –ø–æ –∂–∏–∑–Ω–∏!!!!!!!!!! üëçüòäüòäüëçü§ù",post,post,1,27169777,20.10.1994,2,–±–ª–∞–≥–æ,1.0,,"28,7",2.0,,,,,,,,,,,,1
82,82,82,484423898,–ü–∞—Å–∏–±–∞,post,post,1,27162136,25.10.2004,1,–ø–∞—Å–∏–±–æ,1.0,,"18,7",2.0,,,,,,,,,,,,2
83,83,83,535275283,–°–ø—Å,post,post,1,27133210,,2,—Å–ø—Å,,,,,,,,,,,,,,,,0
84,84,84,276016922,–°–ø—Å –∑–∞ —Å–ø–æ–π–ª–µ—Ä,post,post,1,27132194,20.9.2006,2,—Å–ø—Å,1.0,,"16,8",1.0,,,,,,,,,,,,0
85,85,85,457365490,–ü–∞—Å–∏–±–∞,post,post,1,27092247,8.5.2004,2,–ø–∞—Å–∏–±–æ,1.0,,"19,1",2.0,,,,,,,,,,,,2
86,86,86,576623052,"–°–ø—Å –∑–∞ –Ω–∞–ø–æ–º–∏–Ω–∞–Ω–∏–µ, –±—É–¥—É –∂–¥–∞—Ç—å –ø–æ–∑–¥—Ä–∞–≤–ª–µ–Ω–∏–µ –æ—Ç –ö—É–ø–ª–∏–Ω–æ–≤–∞ –±–æ–ª—å—à–µ —á–µ–º –æ—Ç –í–æ–ª–æ–¥—å–∫–∏",post,post,1,27049599,11.1.2001,2,—Å–ø—Å,1.0,,"22,5",2.0,,,,,,,,,,,,0
87,87,87,425265420,–Ø –æ—á–µ–Ω—å —Ä–∞–¥ —Å–ø—Å –∑–∞ –∏–Ω—Ñ—É,post,post,1,27045312,,2,—Å–ø—Å,,,,,,,,,,,,,,,,1
88,88,88,412938705,"–í–ø–µ—Ä–≤—ã–µ –±–ª–∞–≥–æ–¥–∞—Ä–µ–Ω –∫–æ–ª–ª–µ–¥–∂—É, –∑–∞ —Ç–æ —á—Ç–æ –≤–æ –≤—Ç–æ—Ä–Ω–∏–∫, –º–æ–∂–Ω–æ –≤—ã—Å–ø–∞—Ç—å—Å—è –∏ –Ω–µ –∏–¥—Ç–∏ –∫ 9, –∞ –µ—â—ë —Ö—É–∂–µ –∫ 8",post,post,1,27033742,,2,–±–ª–∞–≥–æ,,,,,,,,,,,,,,,,2
89,89,89,180620986,"https://vk.com/wall-71237351_8384
–í—ã—Ä—É—á–∏—Ç–µ, –ø–æ–∂–∞–ª—É–π—Å—Ç–∞, –ø–µ—Ä–µ–π–¥–∏—Ç–µ –ø–æ —ç—Ç–æ–π —Å—Å—ã–ª–∫–µ, –∏ –ø–æ—Å—Ç–∞–≤—å—Ç–µ –ª–∞–π–∫ –ø–æ–¥ –º–æ–∏–º –∫–æ–º–º–µ–Ω—Ç–∞—Ä–∏–µ–º, –ø–æ–∂–∞–ª—É–π—Å—Ç–∞, –±—É–¥—É –≤–∞–º –æ—á–µ–Ω—å –±–ª–∞–≥–æ–¥–∞—Ä–µ–Ω üëâüëà‚ù§Ô∏è",post,post,1,26973224,19.4,2,–±–ª–∞–≥–æ,,,,,,,,,,,,,,,,0
90,90,90,643878771,–°–ø—Å,post,post,1,26968782,28.5.2007,1,—Å–ø—Å,1.0,,"16,1",1.0,,,,,,,,,,,,0
91,91,91,610004139,–°–ø—Å —Ç–µ–ø–µ—Ä—å –∑–Ω–∞—é üíã,post,post,1,26968782,4.8.2006,1,—Å–ø—Å,1.0,,"16,9",1.0,,,,,,,,,,,,0
93,93,93,9200071,–ü–æ—Å–ª—É—à–∞–π –ø–æ–∂–∞–ª—É–π—Å—Ç–∞ ü•∫ ‚ù§Ô∏è –±—É–¥—É –æ—á–µ–Ω—å –±–ª–∞–≥–æ–¥–∞—Ä–µ–Ω —Å–ø–∞—Å–∏–±–æ üôè üñ§https://vk.com/music?z=audio_playlist9200071_216/7a90c589d93689c039,post,post,1,26953559,,2,–±–ª–∞–≥–æ,,,,,,,,,,,,,,,,2
94,94,94,300750030,"–•–∑ —á–æ —Å–∫–∞–∑–∞—Ç—å. –ù–æ –º–Ω–µ –Ω—É–∂–Ω–æ –∫–µ–π—Å –æ—Ç–∫—Ä—ã—Ç—å
https://genshindrop.com/ref/556985
–°—Å—ã–ª–∫–∞ —Ä–µ—Ñ–µ—Ä–∞–ª—å–Ω–∞—è. –ï—Å–ª–∏ –∫–æ–º—É –Ω–µ –ª–µ–Ω—å –∑–∞—Ä–µ–≥–∞—Ç—å—Å—è, –±—É–¥—É –±–ª–∞–≥–æ–¥–∞—Ä–µ–Ω",post,post,1,26947833,3.4.2006,2,–±–ª–∞–≥–æ,1.0,,"17,2",1.0,,,,,,,,,,,,2
96,96,96,505677092,"–ú–º–º, –¥–∞–∞–∞, –ø–∞—Å–∏–±–∞",post,post,1,26917036,20.6.2005,1,–ø–∞—Å–∏–±–æ,1.0,,"18,0",2.0,,,,,,,,,,,,0
97,97,97,493703850,–ø–∞—Å–∏–±–∞,post,post,1,26917036,8.11,2,–ø–∞—Å–∏–±–æ,,,,,,,,,,,,,,,,0
98,98,98,607349223,–ë–ª–∞–≥–æ–¥–∞—Ä—é,post,post,1,26860693,7.2.2001,2,–±–ª–∞–≥–æ,1.0,,"22,4",2.0,,,,,,,,,,,,0
99,99,99,581744040,–ü–∞—Å–∏–±–∫–∏ —Ç–∞–∫–∏–º —á—É–¥–µ—Å–Ω—ã–º –ª—é–¥—è–ºü•∞,post,post,1,26841582,26.1.2007,2,–ø–∞—Å–∏–±–æ,1.0,,"16,4",1.0,,,,,,,,,,,,1
100,100,100,742243656,–û—Ä–Ω—É–ª —Å–ø—Å –∑–∞ –≤–∏–¥–µ–æ,post,post,1,26838450,29.6.1998,2,—Å–ø—Å,1.0,,"25,0",2.0,,,,,,,,,,,,0
101,101,101,623635513,"–†–µ–±—è—Ç–∞, —Ö–æ—Ç–∏—Ç–µ –ø–æ–ª—É—á–∞—Ç—å —Ö–æ—Ä–æ—à–µ–µ –Ω–∞—Å—Ç—Ä–æ–µ–Ω–∏–µ –∫–∞–∂–¥—ã–π –¥–µ–Ω—å , —Ç–∞–∫ –±—ã—Å—Ç—Ä–µ–µ –ø–æ–¥–ø–∏—Å—ã–≤–∞–µ–º—Å—è –Ω–∞ –º–æ–π —Ç–≥ –∫–∞–Ω–∞–ª —Å –Ω–µ–≤–µ—Ä–æ—è—Ç–Ω–æ–π –º—É–∑—ã–∫–æ–π, —Ç—Ä–µ–∫–æ–≤ –∏ —Ä–µ–º–∏–∫—Å–æ–≤, –≤–æ—Ç —Å—Å—ã–ª–æ—á–∫–∞ 
t.me/musik16085
–†–µ–±—è—Ç–∞ , –±—É–¥—É –æ—á–µ–Ω—å –±–ª–∞–≥–æ–¥–∞—Ä–Ω–∞ –∑–∞ –ø–æ–¥–ø–∏—Å–∫—É ü§ó",post,post,1,26817845,13.12.2001,2,–±–ª–∞–≥–æ,1.0,,"21,5",2.0,,,,,,,,,,,,1
102,102,102,694160289,–ß–µ–ª —â–∞—Å 6:25 —è —Ç–æ–ª—å–∫–æ —á–∞—Å –Ω–∞–∑–∞–¥ –ø—Ä–æ—Å–Ω—É–ª–∞—Å—å —Å–ø—Å,post,post,1,26801817,8.6,1,—Å–ø—Å,,,,,,,,,,,,,,,,1
103,103,103,621456665,–ö—Ç–æ —Å–º–æ–∂–µ—Ç —Å–∫–∏–Ω—É—Ç—å –≥–∏–≥–æ–≤ –Ω–∞ —Ç–µ–ª–µ2 –±—É–¥—É –æ—á–µ–Ω—å –±–ª–∞–≥–æ–¥–∞—Ä–µ–Ω,post,post,1,26795891,20.11.2004,2,–±–ª–∞–≥–æ,1.0,,"18,6",2.0,,,,,,,,,,,,1
104,104,104,596631872,–°–ø—Å –±—Ä–æ,post,post,1,26778868,26.4.2004,2,—Å–ø—Å,1.0,,"19,2",2.0,,,,,,,,,,,,0
105,105,105,639372094,–ü–∞—Å–∏–±–∞(,post,post,1,26774669,23.6.1999,2,–ø–∞—Å–∏–±–æ,1.0,,"24,0",2.0,,,,,,,,,,,,2
106,106,106,445998746,–ü–∞—Å–∏–±...,post,post,1,26774669,,2,–ø–∞—Å–∏–±–æ,,,,,,,,,,,,,,,,0
107,107,107,381699703,—Å–ø—Å –∫–Ω—á–ª,post,post,1,26732842,,2,—Å–ø—Å,,,,,,,,,,,,,,,,0
108,108,108,576412349,–°–ø—Å —è –∫–æ–Ω—á–∏–ª,post,post,1,26697966,29.4.2006,2,—Å–ø—Å,1.0,,"17,2",1.0,,,,,,,,,,,,2
109,109,109,464826069,"–ë—Ä–∞—Ç—Ü—ã –∫—Ä–æ–ª–∏–∫–∏, –∏—â—É —Å–≤–æ—é –∞—É–¥–∏—Ç–æ—Ä–∏—é (–ú—É–∑–æ–Ω)–ó–Ω–∞—è –ø–æ —Å–µ–±–µ! –∏–∑–≤—Ä–∞—â–µ–Ω—Ü—ã —Ç–æ–∂–µ –ª—é–¥–∏ –±—É–¥—å —Ç–µ –¥–æ–±—Ä—ã ,–∑–∞–π—Ç–∏ –∫–æ –º–Ω–µ –∏ –Ω–∞–≥–Ω—É—Ç—å—Å—è —á—Ç–æ –±—ã –≤—Å—Ç—É–ø–∏—Ç—å –≤ —Å–µ–∫—Ç—É.–ó–∞—Ä–∞–Ω–∏–µ –æ—Ç –¥—É—à–∏.–Ø –±—É–¥—É –ø—Ä–∏ –º–Ω–æ–≥–æ –±–ª–∞–≥–æ–¥–∞—Ä–µ–Ω –µ—Å–ª–∏ –≤—ã —Ç–∞–º –±—É–¥–µ—Ç–µ –µ—Å–ª–∏ –ø–æ–Ω—Ä–∞–≤–∏—Ç—å—Å—è!?–ê–¥–º–∏–Ω —Å–æ—Ä–∏ –±—Ä–æ.—Ç–∞–º –ø—Ä–æ—Å—Ç–æ –±–æ–º–±–∞ –≤–Ω—É—Ç—Ä–∏.",post,post,1,26693292,,2,–±–ª–∞–≥–æ,,,,,,,,,,,,,,,,0
110,110,110,752161806,"—á–µ –∑–∞ —Ñ–æ—Ä–º—ã, —Ñ–æ—Ä—Å—ã? —Ä–µ–¥–¥–∏—Ç? –∫–∏–¥–∞–π—Ç–µ —Å–≤–æ–∏ –≤–æ—Å–∫–ª–∏—Ü–∞—Ç–µ–ª—å–Ω—ã–µ –∏ –ø—Ä–∞–≤–∏–ª—å–Ω—ã–µ –≤ —Å—É—Ç–∏ —Ç–∞–∫—Ç–∞ –≤–æ–ø—Ä–æ—Å—ã ‚Äî –Ω–æ –º–∞–º–∞ –Ω–µ –∫—É–ø–∏–ª–∞ –º–æ–∏ ‚Äî —É–≤—ã, —è –≤ —Å—Å–æ—Ä–µ ‚Äî –î–∏ –ö–∞–ø—Ä–∏–æ, –Ω–∞–ª–µ–π –≤–∏–Ω–∞ –ø–æ–º—è–≥—á–µ, —è –Ω–µ –ª—é–±–ª—é –∞–ª–∫–æ–≥–æ–ª—å ‚Äî –Ω–æ –≤—á–µ—Ä–∞ —Ä–µ–±—è—Ç–∫–∏ —Å–∏–ª—å–Ω–æ –∂–≥–ª–∏. –±–µ–∑. –∑–∞—á–µ–º –Ω–∞–º? —è —Ç—É—Ç –±–æ–ª–µ—é –∂—É—Ç–∫–æ –ø–æ—Ö–æ–¥—É. —è –Ω–µ —Å–ª–æ–º–∞–Ω–Ω—ã–π! –Ω–æ –ø–æ–∂–∞–ª—É–π—Å—Ç–∞ ‚Äî –∫–∏–Ω—å—Ç–µ, –Ω–µ –ø–æ–π—Ç–µ ‚Äî –Ω–µ –∫–ª—è–Ω—á—É, –ø—Ä–æ—Å—Ç–æ –∑–ª–æ–π —è ‚Äî –Ω–∞ —Å–µ–±—è,
–ª–∏—à—å —É–ø–∞–ª –Ω–∞ —Ü–∏—Ñ—Ä—É ‚Äî —Å—Ä–∞–∑—É –∑–∞–∑–Ω–∞–≤–∞—Ç—å—Å—è –≤ –ª–æ–≥–∞—Ä–∏—Ñ–º—ã
–Ω–∞ —Å–ª–æ–≤–æ 89293991399 –ø–æ —Å–±–ø –±—Ä–æ, —è –±—É–¥—É –±–ª–∞–≥–æ–¥–∞—Ä–µ–Ω ‚Äî mothcaster27 ‚Äî –≥—Ä—É–ø–ø–∞",post,post,1,26672368,11.9.2000,2,–±–ª–∞–≥–æ,1.0,,"22,8",2.0,,,,,,,,,,,,2
111,111,111,552297018,"–ü–µ—Ä–µ–∫–∏–Ω—å—Ç–µ –ø–æ–∂–∞–ª—É–π—Å—Ç–∞ –ø–∞—Ä—É –≥–∏–≥–æ–≤ –Ω–∞ —Ç–µ–ª–µ2, –∫–æ–º—É –Ω–µ –∂–∞–ª–∫–æ, –∞ —Ç–æ –±–µ–∑–ª–∏–º–∏—Ç —Ç–æ–ª—å–∫–æ –Ω–∞ –≤–∫) –±—É–¥—É –æ—á–µ–Ω—å –±–ª–∞–≥–æ–¥–∞—Ä–µ–Ω",post,post,1,26657423,25.4.2003,2,–±–ª–∞–≥–æ,1.0,,"20,2",2.0,,,,,,,,,,,,1
112,112,112,528667273,–°–ø—Å –∑–∞ —Ç–≥!),post,post,1,26636488,27.11.2003,2,—Å–ø—Å,1.0,,"19,6",2.0,,,,,,,,,,,,0
113,113,113,720742791,"–ø–∞—Å–∏–±–∞ , –ª–µ–≥–µ–Ω–¥–∞",post,post,1,26636488,18.3,2,–ø–∞—Å–∏–±–æ,,,,,,,,,,,,,,,,0
114,114,114,707866458,–ü–∞—Å–∏–±–∞ :–∑,post,post,1,26636060,19.1.2007,2,–ø–∞—Å–∏–±–æ,1.0,,"16,4",1.0,,,,,,,,,,,,1
115,115,115,551569368,–ü–∞—Å–∏–±,post,post,1,26610082,1.7.2001,2,–ø–∞—Å–∏–±–æ,1.0,,"22,0",2.0,,,,,,,,,,,,0
116,116,116,538027874,"–°–ø–∞—Å–∏–±–æ –±–ª–∞–≥–æ—Å–ª–æ–≤–µ–Ω–Ω–æ–º—É –∞–¥–º–∏–Ω—É, —á—Ç–æ –≤—Å—Ç–∞–≤–∏–ª –ø–æ—Å–ª–µ–¥–Ω—é—é –ø–∏–∫—á—É, —á—Ç–æ–±—ã —è –ø–æ–Ω–∏–º–∞–ª –∫–∞–∫ –ø—Ä–∞–≤–∏–ª—å–Ω–æ —Ä–µ–∞–≥–∏—Ä–æ–≤–∞—Ç—å –Ω–∞ —ç—Ç–æ—Ç –ø–æ—Å—Ç. –Ø —Ö–æ–¥–∏–ª –ø–æ –∫–æ–º–Ω–∞—Ç–µ, –∏ –æ–∫–æ–ª–æ —à–µ—Å—Ç–∏ —á–∞—Å–æ–≤ —è –Ω–µ –º–æ–≥ –ø–æ–Ω—è—Ç—å, —á—Ç–æ –∂–µ –º–Ω–µ –¥–µ–ª–∞—Ç—å —Å —ç—Ç–∏–º –º–µ–º–æ–º, —É–∂–µ –ø–æ—á—Ç–∏ –¥–æ—à–µ–ª –¥–æ —Å–µ–¥—å–º–æ–≥–æ —á–∞—Å–∞ —Ä–∞–∑–¥—É–º–∏–π, –∏ –Ω–∞ —Å–µ–¥—å–º–æ–π —á–∞—Å —è —É–∂–µ —Å–æ–±–∏—Ä–∞–ª—Å—è —Å—ä–µ—Å—Ç—å 7 –ø–∞–∫–µ—Ç–∏–∫–æ–≤ –ø–æ—Ä–æ—à–∫–∞ –æ—Å–ª–∞–±–∏—Ç–µ–ª—å–Ω–æ–≥–æ –∏ –ø—Ä–æ–¥—Ä–∏—Å—Ç–∞—Ç—å—Å—è, –ø–æ–∫–∞ –Ω–µ –≤—ã–¥—Ä–∏—Å—Ç–∞—é –≤—Å–µ —Å–≤–æ–∏ –æ—Ä–≥–∞–Ω—ã –∏ –Ω–µ —É–º—Ä—É. –ù–æ –≤–¥—Ä—É–≥, –∫–æ–≥–¥–∞ —è —Å—ä–µ–ª —É–∂–µ —à–µ—Å—Ç—å —Å –ø–æ–ª–æ–≤–∏–Ω–æ–π –ø–∞–∫–µ—Ç–∏–∫–æ–≤, —è —É–≤–∏–¥–µ–ª –ø—Ä–æ–¥–æ–ª–∂–µ–Ω–∏–µ –º–µ–º–∞, –∏ —Ç–∞–º –±—ã–ª–∞ —ç—Ç–∞ –∑–∞–º–µ—á–∞—Ç–µ–ª—å–Ω–∞—è –∫–∞—Ä—Ç–∏–Ω–∫–∞, 9 –º–∏–Ω—É—Ç —è —Å–º–æ—Ç—Ä–µ–ª –Ω–∞ –Ω–µ–µ, –∏ –Ω–µ –º–æ–≥ –ø–æ–Ω—è—Ç—å, —á—Ç–æ –æ–Ω–∞ –∑–Ω–∞—á–∏—Ç, –∏ –≤–¥—Ä—É–≥ –º–µ–Ω—è –æ—Å–µ–Ω–∏–ª–æ, —ç—Ç–æ —Ç–æ, –∫–∞–∫ –Ω—É–∂–Ω–æ —Ä–µ–∞–≥–∏—Ä–æ–≤–∞—Ç—å –Ω–∞ —ç—Ç–æ—Ç –ø—Ä–∏–∫–æ–ª, –Ω–æ –≤–¥—Ä—É–≥ –Ω–∞ –¥–µ—Å—è—Ç–æ–π –º–∏–Ω—É—Ç–µ —è –Ω–∞—á–∞–ª –¥—Ä–∏—Å—Ç–∞—Ç—å, –æ–±–¥—Ä–∏—Å—Ç–∞–ª –≤—Å–µ —á—Ç–æ –≤–∏–¥–µ–ª–∞ –º–æ—è –∂–æ–ø–∞, –Ω–æ —è —Ç–∞–∫–∏ —Å–º–æ–≥ –≤—ã–∂–∏—Ç—å. –ë–ª–∞–≥–æ–¥–∞—Ä—é –∞–¥–º–∏–Ω–∞, –∑–∞ —Ç–æ —á—Ç–æ –Ω–µ —Å—ä–µ–ª –ª–∏—à–Ω–∏–µ –ø–æ–ª –ø–∞–∫–µ—Ç–∏–∫–∞ –û—Å–ª–∞–±–∏—Ç–µ–ª—å–Ω–æ–≥–æ, –ø–æ–∑–≤–æ–ª–∏–ª –º–Ω–µ
—Ä–µ–∞–≥–∏—Ä–æ–≤–∞—Ç—å –Ω–∞ –º–µ–º —Ç–∞–∫ –∫–∞–∫ —è –¥–æ–ª–∂–µ–Ω, –∏ –ø–æ–∑–≤–æ–ª–∏–ª –º–Ω–µ –ø–æ–∂–∏—Ç—å –ª–∏—à–Ω–µ–µ –≤—Ä–µ–º—è.",post,post,1,26603232,28.3.1996,2,–±–ª–∞–≥–æ,1.0,,"27,3",2.0,,,,,,,,,,,,2
117,117,117,640176745,"–Ø –∞—Ç–µ–∏—Å—Ç, –ø–æ—ç—Ç–æ–º—É –±–ª–∞–≥–æ–¥–∞—Ä–Ω–∞ –≤—Ä–∞—á–∞–º‚ò∫",post,post,1,26602021,,1,–±–ª–∞–≥–æ,,,,,,,,,,,,,,,,1
118,118,118,581050119,"–ê–¥–º–∏–Ω —Å–ø—Å –∑–∞ –ø—è—Ç–Ω–∏—Ü—É, —Ö–∞—Ö",post,post,1,26584666,2.2.2006,1,—Å–ø—Å,1.0,,"17,4",1.0,,,,,,,,,,,,1
119,119,119,657004706,"–†–µ–±—è—Ç, –º–æ–∂–µ—Ç –∫—Ç–æ –ø–æ–¥–µ–ª–∏—Ç—å—Å—è –≥–± –¢–µ–ª–µ2?–ó–∞—Ä–∞–Ω–µ–µ –±–ª–∞–≥–æ–¥–∞—Ä—é",post,post,1,26570797,1.3.2003,2,–±–ª–∞–≥–æ,1.0,,"20,3",2.0,,,,,,,,,,,,0
120,120,120,658809275,–°–ø—Å –±—É–¥—É –∑–Ω–∞—Ç—å),post,post,1,26557464,,2,—Å–ø—Å,,,,,,,,,,,,,,,,0
123,123,123,533199940,"–ê —á–µ–≥–æ —Ç–∞–∫–æ–≥–æ-—Ç–æ? –Ø —Å–∞–º –Ω–∞—á–∏–Ω–∞–ª —Ç—Ä—É–¥–∏—Ç—Å—è –≤ –º–∞–∫–µ, –∏ —è –±–ª–∞–≥–æ–¥–∞—Ä–µ–Ω –∫–∞–∂–¥–æ–º—É –¥–Ω—é –∫–æ—Ç–æ—Ä—ã–π —è —Ç–∞–º –ø—Ä–æ–≤—ë–ª, –≤ —Å—Ç–∞—Ä–æ–º –¥–æ–±—Ä–æ–º –º–∞–∫–µ –æ—Ç–Ω–æ—Å–∏–ª–∏—Å—å –∫ —Ç–µ–±–µ –∫–∞–∫ –±—É–¥—Ç–æ —Ç—ã —á–∞—Å—Ç—å —Å–µ–º—å–∏ ‚Ä¶",post,post,1,26531391,1.1.1990,2,–±–ª–∞–≥–æ,1.0,,"33,5",3.0,,,,,,,,,,,,1
124,124,124,101848933,"–Ø –∑–Ω–∞—é –°–µ—Ä–≥–µ—è –ë—É—Ä—É–Ω–æ–≤–∞. –û–Ω –∂–µ –õ—é—Ç–∏–∫–∞ –æ–∑–≤—É—á–∏–≤–∞–µ—Ç –≤ –í–µ–¥—å–º–∞–∫–µ 3: –î–∏–∫–∞—è –û—Ö–æ—Ç–∞. –ù–∞–¥–µ—é—Å—å –ª–µ–≥–µ–Ω–¥–∞ –ø–æ–ø—Ä–∞–≤–∏—Ç—Å—è. –ò–º–µ–Ω–Ω–æ –µ–≥–æ –≥–æ–ª–æ—Å —è —Å–ª—ã—à—É –∫–æ–≥–¥–∞ –ø—Ä–æ—Ö–æ–∂—É –í–µ–¥—å–º–∞–∫–∞ 3: –î–∏–∫–∞—è –û—Ö–æ—Ç–∞. –ù–µ –∑–Ω–∞–ª, —á—Ç–æ –æ–Ω –±–æ–ª–µ–µ—Ç –∫–æ—Ä–æ–Ω–∞–≤–∏—Ä—É—Å–æ–º. –ë–ª–∞–≥–æ–¥–∞—Ä—é –õ—é—Ç–∏–∫—É —è –∏ –∑–Ω–∞—é —Ç–∞–∫–æ–≥–æ –∞–∫—Ç—ë—Ä–∞ –∫–∞–∫ –°–µ—Ä–≥–µ–π –ë—É—Ä—É–Ω–æ–≤. –û—á–µ–Ω—å –∏–∑–≤–µ—Å—Ç–Ω—ã–π –¥–ª—è –º–µ–Ω—è –∞–∫—Ç—ë—Ä. –û–ø—è—Ç—å –∂–µ –±–ª–∞–≥–æ–¥–∞—Ä—è –í–µ–¥—å–º–∞–∫—É 3: –î–∏–∫–∞—è –û—Ö–æ—Ç–∞.",post,post,1,26529690,1.8.1991,2,–±–ª–∞–≥–æ,1.0,,"31,9",3.0,,,,,,,,,,,,2
125,125,125,346555428,"–°–ø—Å –∑–∞ –ø–∞—Å–ø–æ—Ä—Ç, –≤–æ–∑—å–º—É 484847464737 –∫—Ä–µ–¥–∏—Ç–æ–≤ –Ω–∞ –Ω–µ–≥–æ",post,post,1,26522394,7.11.2008,2,—Å–ø—Å,1.0,,"14,6",1.0,,,,,,,,,,,,0
126,126,126,716938209,–°–ø—Å,post,post,1,26477073,16.9.2002,1,—Å–ø—Å,1.0,,"20,8",2.0,,,,,,,,,,,,0
127,127,127,696007852,–° –¥—Ä –±—Ä–∞—Ç —Å–ø—Å –∑–∞ —Å–≤–∞—Ç–æ–≤,post,post,1,26472843,,2,—Å–ø—Å,,,,,,,,,,,,,,,,0
128,128,128,620836149,"–ë–ª–∞–≥–æ–¥–∞—Ä—é –∑–∞ —Å—á–∞—Å—Ç–ª–∏–≤—ã–µ –º–æ–º–µ–Ω—Ç—ã, –∫–æ–≥–¥–∞ —è –≤ –¥–µ—Ç—Å—Ç–≤–µ —Å–º–æ—Ç—Ä–µ–ª–∞ –º—É–ª—å—Ç–∏–∫. –§—Ä–∞–∑—ã –∏–∑ –º—É–ª—å—Ç—Ñ–∏–ª—å–º–∞ –∏—Å–ø–æ–ª—å–∑—É—é—Ç –∏ —Å–µ–π—á–∞—Å –≤ –∂–∏–∑–Ω–∏. –ë–ª–∞–≥–æ–¥–∞—Ä—é –∑–∞ —é–º–æ—Ä, –∫–æ—Ç–æ—Ä—ã–π —á—Ç–æ–±—ã –ø–æ–Ω—è—Ç—å –Ω—É–∂–Ω–æ –¥—É–º–∞—Ç—å, –∑–∞ —Ç–æ —Å–≤–µ—Ç–ª–æ–µ —á—É–≤—Å—Ç–≤–æ –¥–µ—Ç—Å—Ç–≤–∞ –ø—Ä–∏ –ø—Ä–æ—Å–º–æ—Ç—Ä–µ –º—É–ª—å—Ç—Ñ–∏–ª—å–º–∞ 1000 —Ä–∞–∑",post,post,1,26468002,7.4.1983,1,–±–ª–∞–≥–æ,1.0,,"40,2",3.0,,,,,,,,,,,,1
129,129,129,741502351,–ü–∞—Å–∏–±‚Ä¶,post,post,1,26447142,3.2,2,–ø–∞—Å–∏–±–æ,,,,,,,,,,,,,,,,0
130,130,130,660195901,–°–ø—Å,post,post,1,26447142,29.3,1,—Å–ø—Å,,,,,,,,,,,,,,,,0
131,131,131,621456665,–ö—Ç–æ —Å–º–æ–∂–µ—Ç —Å–∫–∏–Ω—É—Ç—å –≥–∏–≥–æ–≤ –Ω–∞ —Ç–µ–ª–µ2 –±—É–¥—É –æ—á–µ–Ω—å –±–ª–∞–≥–æ–¥–∞—Ä–Ω–∞,post,post,1,26445137,20.11.2004,2,–±–ª–∞–≥–æ,1.0,,"18,6",2.0,,,,,,,,,,,,1
132,132,132,533199940,–ù–µ –±–ª–∞–≥–æ–¥–∞—Ä—é,post,post,1,26423132,1.1.1990,2,–±–ª–∞–≥–æ,1.0,,"33,5",3.0,,,,,,,,,,,,0
133,133,133,612252892,–ë–ª–∞–≥–æ–¥–∞—Ä—é,post,post,1,26423132,9.1.2006,2,–±–ª–∞–≥–æ,1.0,,"17,5",1.0,,,,,,,,,,,,0
134,134,134,731859246,"–ü–∞—Å–∏–±–æ, —è —Ç–æ–∫ —á—Ç–æ –ø–µ—Ä–µ—à–µ–ª –≤ 9 –∫–ª–∞—Å—Å",post,post,1,26412313,,2,–ø–∞—Å–∏–±–æ,,,,,,,,,,,,,,,,0
135,135,135,627238714,–ü–∞—Å–∏–±–∞,post,post,1,26409549,18.6.2006,1,–ø–∞—Å–∏–±–æ,1.0,,"17,0",1.0,,,,,,,,,,,,2
136,136,136,731486879,–ü–∞—Å–∏–±,post,post,1,26409549,26.2.2004,2,–ø–∞—Å–∏–±–æ,1.0,,"19,3",2.0,,,,,,,,,,,,0
137,137,137,654622632,–ü–∞—Å–∏–±,post,post,1,26409549,3.7,1,–ø–∞—Å–∏–±–æ,,,,,,,,,,,,,,,,0
138,138,138,629876490,"–ø–∞—Å–∏–± –¥–µ–¥,—è –∫ —Ç–µ–±–µ",post,post,1,26406676,30.10.2001,2,–ø–∞—Å–∏–±–æ,1.0,,"21,7",2.0,,,,,,,,,,,,0
139,139,139,692368289,–°–ø—Å –∑–∞ –∏–¥–µ—é,post,post,1,26401525,25.12.2001,2,—Å–ø—Å,1.0,,"21,5",2.0,,,,,,,,,,,,0
140,140,140,563739805,—Å–µ–Ω–∫—Å,post,post,1,26389086,,1,–º–µ—Ä—Å–∏,,,,,,,,,,,,,,,,0
141,141,141,703094482,"–û–æ–æ–æ–æ —Å–ø—Å –∑–∞ –∏–¥–µ—é, —Ö–∞—Ö–∞—Ö—Ö–≤—Ö–≤–∞",post,post,1,26384515,,1,—Å–ø—Å,,,,,,,,,,,,,,,,1
142,142,142,704338760,"—Å–ø—Å –∑–∞ —à—É—Ç–∫–∏ —Å 2020, –æ—á–µ–Ω—å —Å–º–µ—à–Ω–æüò∑",post,post,1,26381628,7.2.2002,1,—Å–ø—Å,1.0,,"21,4",2.0,,,,,,,,,,,,1
143,143,143,413516045,–°–ø—Å,post,post,1,26374742,24.8.2005,2,—Å–ø—Å,1.0,,"17,8",1.0,,,,,,,,,,,,0
144,144,144,652238987,"–ª—é–¥–∏ –¥–æ–±—Ä—ã–µ –∫–æ–º—É —Å–∫–∏–Ω—å—Ç–µ –ø–æ–∂–∞–ª—É–π—Å—Ç–∞ –ø–æ 30 —Ä—É–±–ª–µ–π –Ω–∞ –∫–∞—Ä—Ç—É –Ω–∞ –µ–¥—É –±—É–¥—É –æ—á–µ–Ω—å –±–ª–∞–≥–æ–¥–∞—Ä–Ω–∞ üëâüëà
89829404389",post,post,1,26362390,,1,–±–ª–∞–≥–æ,,,,,,,,,,,,,,,,1
145,145,145,718004960,"–°–ø—Å –∑–∞ —É—Å–∏–ª–∏–Ω–Ω—É—é —Ñ–æ–±–∏—é –≤ –¥–µ—Ç—Å—Ç–≤–µ  –º–Ω–µ —É–∂–µ –∏—Å–ø–æ—Ä—Ç–∏–ª–∏ —ç—Ç–∏–º –ø—Å–∏—Ö–∏–∫—É, –∞ —Ç–µ–ø–µ—Ä—å –µ—â–µ –∏ —É–ª—Ç—Ä–∞ —Ñ–æ–±–∏—è, –∫–ª–∞—Å—Å!!!",post,post,1,26348847,6.1.1907,2,—Å–ø—Å,,,,,,,,,,,,,,,,2
146,146,146,303656318,–°—Ç–∏—Ä–∞–ª–∫—É –º–æ–∂–Ω–æ –æ—Ç–¥–µ–ª—å–Ω–æ –∫–∏–Ω—É—Ç—å? –ë—É–¥—É –±–ª–∞–≥–æ–¥–∞—Ä–µ–Ω,post,post,1,26323809,11.2.2004,2,–±–ª–∞–≥–æ,1.0,,"19,4",2.0,,,,,,,,,,,,0
147,147,147,532342890,–†–µ–±—è—Ç –∫–æ–º—É –Ω–µ —Å–ª–æ–∂–Ω–æ –º–æ–∂–µ—Ç–µ —Å–∫–∏–Ω—É—Ç—å –≥–∏–≥–∏ –≤ —Ç–µ–ª–µ 2. –ó–∞—Ä–∞–Ω–µ–µ –±–ª–∞–≥–æ–¥–∞—Ä—é,post,post,1,26305922,14.3.2003,2,–±–ª–∞–≥–æ,1.0,,"20,3",2.0,,,,,,,,,,,,1
149,149,149,49898683,–ö–∞–∫ –∂–µ —è –∂–∏–ª –±–µ–∑ —ç—Ç–æ–π –∏–Ω—Ñ–æ—Ä–º–∞—Ü–∏–∏! –¢–µ–ø–µ—Ä—å –±—É–¥—É –∑–Ω–∞—Ç—å!!!! –ë–ª–∞–≥–æ–¥–∞—Ä—é –∞–¥–ºüëçüëçüëçüëçüëçüëçüëç,post,post,1,26226072,11.1,2,–±–ª–∞–≥–æ,,,,,,,,,,,,,,,,1
150,150,150,536905081,"–ú–æ–µ –ø–æ—á—Ç–µ–Ω–∏–µ!
–î–æ—Ä–æ–≥–∏–µ –º–æ–∏, –Ω–µ–¥–∞–≤–Ω–æ —è —Å–æ–∑–¥–∞–ª –æ–±—ã—á–Ω—É—é –±–µ—Å–µ–¥—É –≤ —Ç–µ–ª–µ–≥—Ä–∞–º–º–µ –¥–ª—è –æ–±—â–µ–Ω–∏—è.–ù–∞–º –Ω–µ —Ö–≤–∞—Ç–∞–µ—Ç –º–æ–¥–µ—Ä–∞—Ç–æ—Ä–æ–≤ –∫–æ—Ç–æ—Ä—ã–µ –±—É–¥—É—Ç —Å–ª–µ–¥–∏—Ç—å –∑–∞ —á–∞—Ç–æ–º –∏ —Å–∞–º–∏—Ö —É—á–∞—Å—Ç–Ω–∏–∫–æ–≤ .–æ—á–µ–Ω—å –±—É–¥–µ–º —Ä–∞–¥—ã –µ—Å–ª–∏ –∑–∞–π–¥—ë—Ç–µ –∫ –Ω–∞–º.
–ü–∏—à–∏—Ç–µ –Ω–∞ —ç—Ç–æ—Ç –∞–∫–∫–∞—É–Ω—Ç –≤–∫ –∏–ª–∏ –∂–µ —Ç–≥: estoxotaaa
–ë–ª–∞–≥–æ–¥–∞—Ä—é –∑–∞ –≤–Ω–∏–º–∞–Ω–∏–µüß∏",post,post,1,26223655,5.1,2,–±–ª–∞–≥–æ,,,,,,,,,,,,,,,,1
151,151,151,612785998,"–°–ø—Å –∑–∞ —Ç–æ —á—Ç–æ —Å–ª–æ–º–∞–ª –º–æ—é –ø—Å–∏—Ö–∏–∫—É, –æ—á–µ–Ω—å –±–æ–ª—å–Ω–æ –∏ –æ–±–∏–¥–Ω–æ",post,post,1,26205002,18.6.2007,2,—Å–ø—Å,1.0,,"16,0",1.0,,,,,,,,,,,,2
152,152,152,323050764,–í—Å–µ –∫—Ç–æ –≤ –ø–∏—Ç–µ—Ä–µ –∂–∏–≤–µ—Ç –±–ª–∞–≥–æ–¥–∞—Ä–µ–Ω –±–µ–ª—ã–º –Ω–æ—á–∞–º (–Ω–µ—Ç),post,post,1,26128067,29.11,1,–±–ª–∞–≥–æ,,,,,,,,,,,,,,,,0
153,153,153,624045632,–ü–∞—Å–∏–±–∞,post,post,1,26120296,,2,–ø–∞—Å–∏–±–æ,,,,,,,,,,,,,,,,2
155,155,155,728848396,–°–ø—Å,post,post,1,26089802,11.7.2004,2,—Å–ø—Å,1.0,,"19,0",2.0,,,,,,,,,,,,0
156,156,156,708805265,—Å–ø—Å,post,post,1,26057754,26.6,2,—Å–ø—Å,,,,,,,,,,,,,,,,1
157,157,157,674030219,"–ú–æ—è –º–∞–º–∞ –≤—ã—Ä–æ—Å–ª–∞ –Ω–∞ —ç—Ç–∏—Ö –º—É–ª—å—Ç–∞—Ö, —Å–ª–µ–¥–æ–º —è —Å –±—Ä–∞—Ç–æ–º –≤—ã—Ä–æ—Å–ª–∏, - –±–ª–∞–≥–æ–¥–∞—Ä—é –∏ –≥–æ–≤–æ—Ä—é –µ–º—É –°–ü–ê–°–ò–ë–û –∑–∞ —ç—Ç–æ –ª—É—á—à–µ–µ –¥–µ—Ç—Å—Ç–≤–æüòáüôèüëèüëèüëèüíïüíïüíï",post,post,1,26056648,12.7,1,–±–ª–∞–≥–æ,,,,,,,,,,,,,,,,1
158,158,158,576051782,"–ü–æ–¥–µ–ª–∏—Ç–µ—Å—å –∫—Ç–æ-–Ω–∏–±—É–¥—å –ø–æ–∂–∞–ª—É–π—Å—Ç–∞ –∏–Ω—Ç–µ—Ä–Ω–µ—Ç–æ–º –Ω–∞ –¢–µ–ª–µ2 –æ—á–µ–Ω—å –Ω—É–∂–Ω–æ, –∑–∞—Ä–∞–Ω–µ–µ –±–ª–∞–≥–æ–¥–∞—Ä—é",post,post,1,26016485,,2,–±–ª–∞–≥–æ,,,,,,,,,,,,,,,,0
159,159,159,443733897,"–£ –Ω–µ–≥–æ –±—ã–ª–∞ —Ö–æ—Ä–æ—à–∞—è –∂–∏–∑–Ω—å –∏ –æ–Ω –±–ª–∞–≥–æ–¥–∞—Ä–µ–Ω —Ç–µ–±–µ –∏ –≤–∞—à–µ–π —Å–µ–º—å–µ, —Å–µ–π—á–∞—Å –æ–Ω —Å–ø–∏—Ç—å —Å–ø–æ–∫–æ–π–Ω–æ –≤ —Å–≤–æ–µ–º –º–∏—Ä–µ –∏ –∫—É—à–∞–µ—Ç —Å–∞–º—É—é –≤–∫—É—Å–Ω—É—é –µ–¥—É üòã –∏ —Å–º–æ—Ç—Ä–∏—Ç –Ω–∞ —Ç–µ–±—è",post,post,1,25994038,1.2,2,–±–ª–∞–≥–æ,,,,,,,,,,,,,,,,1
160,160,160,715829980,—Å–ø—Å —á—Ç–æ –∑–∞ –º–µ–Ω—è,post,post,1,25976612,10.1.2008,2,—Å–ø—Å,1.0,,"15,5",1.0,,,,,,,,,,,,2
161,161,161,603666629,–±–ª–∞–≥–æ–¥–∞—Ä—é,post,post,1,25889891,4.5,1,–±–ª–∞–≥–æ,,,,,,,,,,,,,,,,1
162,162,162,417161332,–ü–∞—Å–∏–±–∞ –±—Ä–æ,post,post,1,25889891,7.7.2004,1,–ø–∞—Å–∏–±–æ,1.0,,"19,0",2.0,,,,,,,,,,,,0
163,163,163,669024256,"—Å–∏–∂—É –Ω–∞ —Å–≤–∞–¥—å–±–µ, —Å–ø—Å",post,post,1,25880539,2.10.2008,1,—Å–ø—Å,1.0,,"14,7",1.0,,,,,,,,,,,,0
164,164,164,568685479,–°–ø—Å –∑–∞ –∏–Ω—Ñ—É,post,post,1,25876237,10.7.2001,2,—Å–ø—Å,1.0,,"22,0",2.0,,,,,,,,,,,,0
165,165,165,577335136,–°–ø—Å –∫—Ä–∏–Ω–∂–∞–Ω—É–ª,post,post,1,25871005,5.4.2008,2,—Å–ø—Å,1.0,,"15,2",1.0,,,,,,,,,,,,0
166,166,166,732318434,"–ü–æ—Å—Ç–∞–≤—å—Ç–µ –ª–∞–π–∫ –Ω–∞ –∞–≤—É –ø–ª–∏–∑, –±—É–¥—É –±–ª–∞–≥–æ–¥–∞—Ä–µ–Ω",post,post,1,25864129,31.12.1995,2,–±–ª–∞–≥–æ,1.0,,"27,5",2.0,,,,,,,,,,,,0
167,167,167,127104860,–∫—Ä–∏–Ω–∂–∞–Ω—É–ª —Å–ø—Å,post,post,1,25860678,19.3.2002,2,—Å–ø—Å,1.0,,"21,3",2.0,,,,,,,,,,,,0
168,168,168,576051782,"–ü–æ–¥–µ–ª–∏—Ç–µ—Å—å –ø–æ–∂–∞–ª—É–π—Å—Ç–∞ –∏–Ω—Ç–µ—Ä–Ω–µ—Ç–æ–º –Ω–∞ –¢–µ–ª–µ2 –æ—á–µ–Ω—å –Ω—É–∂–Ω–æ, –∑–∞—Ä–∞–Ω–µ–µ –±–ª–∞–≥–æ–¥–∞—Ä—é",post,post,1,25858994,,2,–±–ª–∞–≥–æ,,,,,,,,,,,,,,,,0
170,170,170,554163203,"–†–µ–±—è—Ç, –º–æ–∂–µ—Ç –±—É–¥–µ—Ç —É –∫–æ–≥–æ –ø–∞—Ä—É –≥–∏–≥–æ–≤ –Ω–∞ —Ç–µ–ª–µ2? –ë—É–¥—É –æ—á–µ–Ω—å –±–ª–∞–≥–æ–¥–∞—Ä–Ω–∞ –∑–∞ –ø–æ–º–æ—â—å‚ù§ü•∫",post,post,1,25852052,1.8,1,–±–ª–∞–≥–æ,,,,,,,,,,,,,,,,1
172,172,172,575790217,"–ü–æ–¥–µ–ª–∏—Ç–µ—Å—å –ø–∂ –≥–± –Ω–∞ –º–µ–≥–∞—Ñ–æ–Ω, –±—É–¥—É –æ—á–µ–Ω—å –±–ª–∞–≥–æ–¥–∞—Ä–µ–Ω",post,post,1,25775556,18.5.2008,2,–±–ª–∞–≥–æ,1.0,?,,,,,,,,,,,,,,1
173,173,173,722624067,"–ë–ª–∞–≥–æ–¥–∞—Ä—é –∑–∞ —Å—Ç–æ–ª—å –∑–µ–Ω–Ω—É—é —Ç–æ—á–Ω–µ–µ, –±–µ–∑—Ü–µ–Ω–Ω—É—é –∏–Ω—Ñ—É.",post,post,1,25766317,13.12.1911,2,–±–ª–∞–≥–æ,,,,,,,,,,,,,,,,1
175,175,175,554163203,"–†–µ–±—è—Ç, –º–æ–∂–µ—Ç –±—É–¥–µ—Ç —É –∫–æ–≥–æ –ø–∞—Ä—É –≥–∏–≥–æ–≤ –Ω–∞ —Ç–µ–ª–µ2? –ë—É–¥—É –æ—á–µ–Ω—å –±–ª–∞–≥–æ–¥–∞—Ä–Ω–∞ –∑–∞ –ø–æ–º–æ—â—å‚ù§ü•∫",post,post,1,25742445,1.8,1,–±–ª–∞–≥–æ,,,,,,,,,,,,,,,,1
176,176,176,680444792,"–õ–∞–π–∫–Ω–∏—Ç–µ —Å—Ç–µ–Ω—É –ø–æ–∂–∞–ª—É–π—Å—Ç–∞, –∑–∞—Ä–∞–Ω–µ–µ –±–ª–∞–≥–æ–¥–∞—Ä–µ–Ω üòé‚úä",post,post,1,25730221,22.9,2,–±–ª–∞–≥–æ,,,,,,,,,,,,,,,,0
177,177,177,729003539,"–†–µ–±—è—Ç–∫–∏, –Ω–∞–∫–∏–¥–∞–π—Ç–µ –∑–∞—è–≤–æ—á–µ–∫ –≤ –¥—Ä—É–∑—å—è, –µ—Å–ª–∏ –Ω–µ —Å–ª–æ–∂–Ω–æ, –æ—á–µ–Ω—å –Ω—É–∂–Ω–æ, –∑–∞—Ä–∞–Ω–µ–µ –±–ª–∞–≥–æ–¥–∞—Ä—é –æ—Ç–∫–ª–∏–∫–Ω—É–≤—à–∏—Ö—Å—è))",post,post,1,25670239,15.1,2,–±–ª–∞–≥–æ,,,,,,,,,,,,,,,,1
178,178,178,220424633,"–í –ª—é–±–æ–º —Å–ª—É—á–∞–µ —è –æ—á–µ–Ω—å –±–ª–∞–≥–æ–¥–∞—Ä–µ–Ω –µ–º—É –∑–∞ ¬´–û–¥–∏–Ω –¥–æ–º–∞¬ª. –ö—É–ª—å—Ç–æ–≤—ã–π —Ñ–∏–ª—å–º –¥–µ—Ç—Å—Ç–≤–∞, –∫–æ—Ç–æ—Ä—ã–π –¥–∞—Ä–∏–ª –Ω–µ–≤–µ—Ä–æ—è—Ç–Ω—É—é –Ω–æ–≤–æ–≥–æ–¥–Ω—é—é –∞—Ç–º–æ—Å—Ñ–µ—Ä—É. –°–ø–∞—Å–∏–±–æ",post,post,1,25603754,16.8,2,–±–ª–∞–≥–æ,,,,,,,,,,,,,,,,1
179,179,179,632265002,–û–±–∞–º–∞ –∏ –≤ —ç—Ç–æ–º —Å–ª—É—á–∞–µ —è –±—É–¥—É –æ—á–µ–Ω—å –±–ª–∞–≥–æ–¥–∞—Ä–µ–Ω –≤–∞–º,post,post,1,25554036,23.12.2005,1,–±–ª–∞–≥–æ,1.0,,"17,5",1.0,,,,,,,,,,,,1
180,180,180,636902901,–î–∂–∏–≥–∞–Ω –≤ —Ä—É—Å—Å–∫–æ–º –∏ –±–µ–∑ –±–µ–∑ —è –±—É–¥—É –æ—á–µ–Ω—å –±–ª–∞–≥–æ–¥–∞—Ä–Ω–∞ –µ—Å–ª–∏ —Ç—ã —Å–º–æ–∂–µ—à—å –º–Ω–µ –ø–æ–∑–≤–æ–Ω–∏—Ç—å –≤ –£–∫—Ä–∞–∏–Ω–µ —Å –º–æ–µ–π –ø–æ–º–æ—â—å—é —è —Ç–µ–±–µ –≤—Å–µ —ç—Ç–æ –Ω–∞–¥–æ –∏ —è —Ç–µ–±–µ —Å–∫–∞–∂—É —Ç–æ–ª—å–∫–æ –æ–¥–Ω–æ –∏ —Ç–æ–∂–µ —è –¥—É–º–∞—é –æ —Ç–æ–º –∫–∞–∫ —Ç—ã –º–µ–Ω—è –≤ –£–∫—Ä–∞–∏–Ω–µ –Ω–µ —Ç–∞–∫ —É–∂ –∏ –±–µ–∑ –º–µ–Ω—è –∏ –Ω–µ –∑–Ω–∞—é —á—Ç–æ —è —Ö–æ—á—É –±—ã—Ç—å —Å –Ω–∏–º –≤ —ç—Ç–æ–º –≥–æ–¥—É,post,post,1,25485440,17.12.2006,2,–±–ª–∞–≥–æ,1.0,,"16,5",1.0,,,,,,,,,,,,1
181,181,181,540028410,–¢–µ–ø–µ—Ä—å –≤–æ–ø—Ä–æ—Å:–µ—Å–ª–∏ –µ–π –æ—Ç—Ä–µ–∑–∞—Ç—å —è–∑—ã–∫ –æ–Ω–∞ –±—É–¥–µ—Ç —Ç–µ–±–µ –±–ª–∞–≥–æ–¥–∞—Ä–Ω–∞ ?,post,post,1,25416998,6.9.2000,2,–±–ª–∞–≥–æ,1.0,,"22,8",2.0,,,,,,,,,,,,0
182,182,182,606447829,–ü–æ–º–æ–≥–∏—Ç–µ –Ω–∞ –≤—ã–∫—É–ø –¥–æ–∫—É–º–µ–Ω—Ç–∞( –ø–∞—Å–ø–æ—Ä—Ç)  –¥–æ–ª–∂–µ–Ω 2500 —Ç.—Ä –∑–≤–æ–Ω–∏—Ç—å 89831139028 –±—É–¥—É –±–ª–∞–≥–æ–¥–∞—Ä–µ–Ω —Å–æ –≤—Ä–µ–º–µ–Ω–µ–º –≤–µ—Ä–Ω—É —Å—É–º–º—É –∫–æ—Ç–æ—Ä–æ–π –ø–æ–º–æ–≥–ª–∏,post,post,1,25412566,24.4.2000,2,–±–ª–∞–≥–æ,1.0,,"23,2",2.0,,,,,,,,,,,,2
183,183,183,539175114,"–æ–∫, —Å–ø—Å –∑–∞ –∏–Ω—Ñ—É",post,post,1,25339288,4.4,1,—Å–ø—Å,,,,,,,,,,,,,,,,1
185,185,185,588226597,–°–ø—Å –∑–∞ –ø–æ–ª–µ–∑–Ω—É—é –∏–Ω—Ñ—É,post,post,1,25328885,27.8.2006,1,—Å–ø—Å,1.0,,"16,8",1.0,,,,,,,,,,,,0
186,186,186,678889273,"üëâüëà–º–æ–∂–Ω–æ –º–Ω–µ –ª–∞–π–∫ –Ω–∞ –ø–æ—Å–ª–µ–¥–Ω—é—é —Ñ–æ—Ç–æ—á–∫—É, –∫–æ–º—É –Ω–µ —Å–ª–æ–∂–Ω–æ) –±—É–¥—É –±–ª–∞–≥–æ–¥–∞—Ä–Ω–∞ üôÉ",post,post,1,25328885,11.4.2006,1,–±–ª–∞–≥–æ,1.0,,"17,2",1.0,,,,,,,,,,,,1
187,187,187,712580487,"–î–æ–±—Ä—ã–µ –ª—é–¥–∏ —Å–∫–∏–Ω—å—Ç–µ –Ω–∞ –ø–∏–≤–∞—Å, –±—É–¥—É –±–ª–∞–≥–æ–¥–∞—Ä–µ–Ω 2202201069379572",post,post,1,25319661,29.2.2000,2,–±–ª–∞–≥–æ,1.0,,"23,3",2.0,,,,,,,,,,,,0
188,188,188,323910515,"–°–ø—Å –∑–∞ —Å–ª–∏–≤, –∫–æ–ª—è–Ω",post,post,1,25311773,10.3.2006,2,—Å–ø—Å,1.0,,"17,3",1.0,,,,,,,,,,,,0
189,189,189,197337521,"–ë–ª–∞–≥–æ–¥–∞—Ä—é –∑–∞ –æ—á–µ–Ω—å —Ü–µ–Ω–Ω—É—é –∏–Ω—Ñ–æ—Ä–º–∞—Ü–∏—é, —Ç–µ–ø–µ—Ä—å –¥–∞–∂–µ –Ω–µ –∑–Ω–∞—é —á—Ç–æ —Å –Ω–µ–π –¥–µ–ª–∞—Ç—å",post,post,1,25308180,,2,–±–ª–∞–≥–æ,,,,,,,,,,,,,,,,1
190,190,190,547478543,–ø–∞—Å–∏–±–∞ –∑–∞ —ç—Ç—É –∏–Ω—Ñ–æ—Ä–º–∞—Ü–∏—é,post,post,1,25304293,30.7.1902,1,–ø–∞—Å–∏–±–æ,,,,,,,,,,,,,,,,0
191,191,191,594665243,"–ü—Ä–∏–≤–µ—Ç–∏–∫, –ª–∞–π–∫–Ω–∏ –ø–æ–∂–∞–ª—É–π—Å—Ç–∞ –ø–µ—Ä–≤—É—é –∑–∞–ø–∏—Å—å, –ø—Ä–æ—Å—Ç–æ —Å –ø–æ–¥—Ä—É–≥–æ–π –ø–æ—Å–ø–æ—Ä–∏–ª–∞–∞üò© –Ø –±—É–¥—É —Ç–µ–±–µ –æ—á–µ–Ω—å –±–ª–∞–≥–æ–¥–∞—Ä–Ω–∞ üíó",post,post,1,25298370,24.4.2006,1,–±–ª–∞–≥–æ,1.0,,"17,2",1.0,,,,,,,,,,,,1
192,192,192,712580487,"–ù–æ–≤—ã–π –¥–µ–Ω—å, –Ω–æ —è —Ç–∞–∫ –∏ –æ—Å—Ç–∞–ª—Å—è –Ω–∏—â–µ–±—Ä–æ–¥–æ–º, —É –∫–æ–≥–æ –≤–¥—Ä—É–≥ –µ—Å—Ç—å –∂–µ–ª–∞–Ω–∏–µ —Å–∫–∏–Ω—É—Ç—å –ø–∞—Ä—É –∫–æ–ø–µ–µ–∫( –≤ —ç—Ç–æ—Ç —Ä–∞–∑ –Ω–µ –Ω–∞ –ø–∏–≤–æ)  –±—É–¥—É –±–ª–∞–≥–æ–¥–∞—Ä–µ–Ω 2202201069379572 –≤—Å–µ –∫—Ç–æ —Å–∫–∏–Ω—É–ª –≤—á–µ—Ä–∞, –æ–±–Ω—è–ª –∏ –ø–æ—Ü–µ–ª–æ–≤–∞–ª‚ù§üß°üíõüíöüíô",post,post,1,25283124,29.2.2000,2,–±–ª–∞–≥–æ,1.0,,"23,3",2.0,,,,,,,,,,,,2
193,193,193,658892844,"–õ–∞–π–∫–Ω–∏—Ç–µ —Ñ–æ—Ç–∫–∏ –ø–æ–∂–∞–ª—É–π—Å—Ç–∞üò´üôèüôèüíì, –±—É–¥—É –±–ª–∞–≥–æ–¥–∞—Ä–Ω–∞",post,post,1,25265126,20.7.2007,1,–±–ª–∞–≥–æ,1.0,,"15,9",1.0,,,,,,,,,,,,0
195,195,195,470078592,"5469380066810382

–†–ï–ë–Ø–¢
–ö–¢–û –°–ö–û–õ–¨–ö–û –ú–û–ñ–ï–¢ 
–ü–ñü•∫
–ë—É–¥—É –æ—á–µ–Ω—å –±–ª–∞–≥–æ–¥–∞—Ä–µ–Ω",post,post,1,25184318,6.2.2003,2,–±–ª–∞–≥–æ,1.0,,"20,4",2.0,,,,,,,,,,,,1
196,196,196,551338122,–°–µ–Ω–∫ —é –≤–µ—Ä–∏ –º–∞—á,post,post,1,25158374,23.3.1901,2,–º–µ—Ä—Å–∏,,,,,,,,,,,,,,,,0
197,197,197,703280420,–ë–ª–∞–≥–æ–¥–∞—Ä—é,post,post,1,25126911,,1,–±–ª–∞–≥–æ,,,,,,,,,,,,,,,,0
198,198,198,546228024,—ç—Ö —Å–ø—Å –∑–∞ –∏–Ω—Ñ—É –¥—É–º–∞–ª –Ω–∞–ø–∏—Å–∞—Ç—åüò•üò•,post,post,1,25093549,29.1,2,—Å–ø—Å,,,,,,,,,,,,,,,,1
199,199,199,534458784,"–í–ù–ò–ú–ê–ù–ò–ï –î–†–£–ó–¨–Ø –ü–†–û–ß–¢–ò–¢–ï –ü–û–ñ–ê–õ–£–ô–°–¢–ê! –≠–¢–û –û–ß–ï–ù–¨ –í–ê–ñ–ù–û!
--------------------------------------------------------------------------------------------------
–õ—é–¥–∏, –ø—Ä–∏–≤–µ—Ç –≤—Å–µ–º! –•–æ—á—É –ø–æ–¥–µ–ª–∏—Ç—å—Å—è —Å –≤–∞–º–∏ –∏—Å—Ç–æ—Ä–∏–µ–π. –ö–æ–º—É –≤—Å–µ —Ä–∞–≤–Ω–æ, –∏ —É –∫–æ–≥–æ –Ω–µ—Ç –≤—Ä–µ–º–µ–Ω–∏, –º–æ–∂–µ—Ç —Å–º–µ–ª–æ –ø—Ä–æ–ª–∏—Å—Ç—ã–≤–∞—Ç—å –¥–∞–ª—å—à–µ. –ó–∞–π–¥—É —Å –¥–∞–ª–µ–∫–∞. –†–æ–¥–∏–ª—Å—è —è –≤ –¥–µ—Ä–µ–≤–Ω–µ, –∫–æ—Ç–æ—Ä–∞—è –Ω–∞—Å—á–∏—Ç—ã–≤–∞–ª–∞ –æ–∫–æ–ª–æ 1000 —á–µ–ª–æ–≤–µ–∫. –¢–æ–≥–¥–∞ –∂–∏–∑–Ω—å –∫–∞–∑–∞–ª–∞—Å—å –º–Ω–µ —Å–∫–∞–∑–∫–æ–π, —è –ø–æ–ª—É—á–∞–ª –≤—Å–µ —á—Ç–æ —Ö–æ—Ç–µ–ª. –û—Ç–µ—Ü –º–æ–π —Ä–∞–±–æ—Ç–∞–ª –Ω–∞ –Ω–æ—Ä–º–∞–ª—å–Ω–æ–π —Ä–∞–±–æ—Ç–µ, –ø—Ä–∏–Ω–æ—Å—è –Ω–∞–º –Ω–µ–ø–ª–æ—Ö—É—é –∑–∞—Ä–ø–ª–∞—Ç—É –¥–ª—è –≥–æ—Ä–æ–¥–∞, –≤ –æ–±–ª–∞—Å—Ç–∏ –∫–æ—Ç–æ—Ä–æ–≥–æ —è —Ä–æ–¥–∏–ª—Å—è. –ï—â—ë –Ω–∞—Å –Ω–µ–º–Ω–æ–≥–æ –ø–æ–¥–¥–µ—Ä–∂–∏–≤–∞–ª–∏ –µ–≥–æ –æ—Ç–µ—Ü –∏ –º–∞—Ç—å, —Ç–æ –µ—Å—Ç—å –º–æ–∏ –¥–µ–¥ –∏ –±–∞–±—É—à–∫–∞. –í —à–∫–æ–ª–µ —è —É—á–∏–ª—Å—è –Ω–∞ –æ–¥–Ω–∏ 4-5, –¥–∞–∂–µ –±—ã–ª 3 —Ä–∞–∑–∞ –æ—Ç–ª–∏—á–Ω–∏–∫–æ–º, –≤ 2, 3, –∏ 4 –∫–ª–∞—Å—Å–µ. –ù–æ –≤—Å–∫–æ—Ä–µ –æ—Ç—Ü–∞ —É–≤–æ–ª–∏–ª–∏ —Å —Ä–∞–±–æ—Ç—ã, –∏ –≤ –ø–æ—Å–ª–µ–¥—É—é—â–∏–µ –≥–æ–¥—ã –∂–∏–∑–Ω—å –º–Ω–µ –∫–∞–∑–∞–ª–∞—Å—å –∞–¥–æ–º. –ö –Ω–µ—Å—á–∞—Å—Ç—å—é –¥–ª—è —Å–µ–±—è —è —É–≤–ª–µ–∫—Å—è –∫—É–ª—å—Ç—É—Ä–∏–∑–º–æ–º –∏–ª–∏ –±–æ–¥–∏–±–∏–ª–¥–∏–Ω–≥–æ–º, –∫–æ–º—É –∫–∞–∫ —É–¥–æ–±–Ω–æ. –ü–æ—á–µ–º—É —è —É–≤–ª–µ–∫—Å—è –∏–º? –ü–æ—Ç–æ–º—É —á—Ç–æ –º–Ω–µ –±—ã–ª–æ —Å—Ç—ã–¥–Ω–æ —Å–º–æ—Ç—Ä–µ—Ç—å –≤ –≥–ª–∞–∑–∞ —Ä–æ–≤–µ—Å–Ω–∏–∫–∞–º. –ü—Ä–∏ —Ä–æ—Å—Ç–µ –≤ 181—Å–º, –≤–µ—Å –º–æ–π —Å–æ—Å—Ç–∞–≤–ª—è–ª –≤—Å–µ–≥–æ –ª–∏—à—å 56 –∫–≥. –ü—Ä–µ–¥—Å—Ç–∞–≤–ª—è–µ—Ç–µ –∫–∞–∫–∏–º —è –±—ã–ª –∑–∞–º–æ—Ä—ã—à–µ–º? –Ø –±—ã–ª –æ–±—Ä–µ—á—ë–Ω –Ω–∞ –Ω–µ –≤–Ω–∏–º–∞–Ω–∏–µ —Å–æ —Å—Ç–æ—Ä–æ–Ω—ã –¥–µ–≤—É—à–µ–∫. –í –ø–µ—Ä–≤—ã–µ —Å–≤–æ–∏ —Ç—Ä–µ–Ω–∏—Ä–æ–≤–∫–∏ —è –≤–æ–æ–±—â–µ –ø—Ä–æ—Å—Ç–æ –Ω–∞—á–∞–ª –æ—Ç–∂–∏–º–∞—Ç—å—Å—è –∏ –ø—Ä–∏—Å–µ–¥–∞—Ç—å. –°—Ç–∞–Ω–¥–∞—Ä—Ç–Ω–æ –æ—Ç–∂–∏–º–∞—Ç—å—Å—è –æ—Ç –ø–æ–ª–∞ —è –Ω–µ –º–æ–≥, –ø–æ—ç—Ç–æ–º—É –∏—Å–ø–æ–ª—å–∑–æ–≤–∞–ª –æ–±–ª–µ–≥—á–µ–Ω–Ω—ã–µ –≤–µ—Ä—Å–∏–∏ —ç—Ç–æ–≥–æ —É–ø—Ä–∞–∂–Ω–µ–Ω–∏—è. –ü—Ä–∏–º–µ—Ä–Ω–æ —á–µ—Ä–µ–∑ –º–µ—Å—è—Ü —è —Å–º–æ–≥ –≤—ã–∂–∞—Ç—å –∏–∑ —Å–µ–±—è —Ü–µ–ª—ã—Ö 10 –æ—Ç–∂–∏–º–∞–Ω–∏–π. –≠—Ç–æ –∫–æ–Ω–µ—á–Ω–æ —Ä–∞–¥–æ–≤–∞–ª–æ –º–µ–Ω—è, –Ω–æ —ç—Ç–æ –Ω–µ —Å–æ–≤—Å–µ–º —Ç–æ, —á–µ–≥–æ —è —Ö–æ—Ç–µ–ª. –ê —Ö–æ—Ç–µ–ª —è –ø–æ—Å—Ç—Ä–æ–∏—Ç—å —Ç–µ–ª–æ –∫–∞–∫ –Ω–∞–ø—Ä–∏–º–µ—Ä —É –ê—Ä–Ω–æ–ª—å–¥–∞, –ö–µ–≤–∏–Ω–∞ –õ–µ–≤—Ä–æ–Ω–∏ –∏–ª–∏ –§–ª–µ–∫—Å–∞ –£–∏–ª–µ—Ä–∞. –£ –∫–∞–∂–¥–æ–≥–æ –∏–∑ –Ω–∏—Ö –º–Ω–µ –Ω—Ä–∞–≤–∏–ª–∞—Å—å –æ—Ç–¥–µ–ª—å–Ω—ã–µ –º—ã—à—Ü—ã. –ù–∞–ø—Ä–∏–º–µ—Ä —è —Ö–æ—Ç–µ–ª —Å–µ–±–µ –≥—Ä—É–¥–Ω—ã–µ –∏ –±–∏—Ü–µ–ø—Å –∫–∞–∫ –ê—Ä–Ω–æ–ª—å–¥–∞, –ø–ª–µ—á–∏ –∏ —Ç—Ä–∏—Ü–µ–ø—Å –∫–∞–∫ —É –õ–µ–≤—Ä–æ–Ω–∏ –∏ –Ω–æ–≥–∏ –∏–∫—Ä—ã –∏ —Å–ø–∏–Ω—É –∫–∞–∫ –§–ª–µ–∫—Å–∞. –¢—É—Ç —è –ø–æ–Ω—è–ª —á—Ç–æ –æ–±—ã—á–Ω—ã–º–∏ –æ—Ç–∂–∏–º–∞–Ω–∏—è–º–∏ –∏ –ø—Ä–∏—Å–µ–¥–∞–Ω–∏—è–º–∏ —è –Ω–µ —Å–º–æ–≥—É –Ω–∞—Ä–∞—Å—Ç–∏—Ç—å —Å–µ–±–µ —Ä—É–∫–∏ –∏ –Ω–æ–≥–∏ –∫–∞–∫ —É —Å–≤–æ–∏—Ö –∫—É–º–∏—Ä–æ–≤. –Ø –Ω–∞—á–∞–ª –∏—Å–∫–∞—Ç—å –∫–∞–∫ –∏ –∫–∞–∫–∏–µ —É–ø—Ä–∞–∂–Ω–µ–Ω–∏—è –º–Ω–µ –Ω—É–∂–Ω—ã, —Å–∫–æ–ª—å–∫–æ –ø–æ–≤—Ç–æ—Ä–µ–Ω–∏–π –Ω—É–∂–Ω–æ, —Å–∫–æ–ª—å–∫–æ –ª—É—á—à–µ –ø–æ–¥—Ö–æ–¥–æ–≤, —Å–∫–æ–ª—å–∫–æ –ª—É—á—à–µ –æ—Ç–¥—ã—Ö–∞—Ç—å –º–µ–∂–¥—É –Ω–∏–º–∏ –∏ —Ç.–¥. –ù–∞ —Ç–æ—Ç –º–æ–º–µ–Ω—Ç —è –∏–º–µ–ª –ø–∞—Ä—É –≥–∏—Ä–µ–π –ø–æ 8.5 –∫–≥. –Ø –Ω–∞—à–µ–ª –≤ –∏–Ω—Ç–µ—Ä–Ω–µ—Ç–µ —Å—Ç–∞—Ç—å—é, –∫–∞–∫ –ª—É—á—à–µ —Å –Ω–∏–º–∏ —Ç—Ä–µ–Ω–∏—Ä–æ–≤–∞—Ç—å—Å—è –∏ –∫–∞–∫–∏–µ —É–ø—Ä–∞–∂–Ω–µ–Ω–∏—è —Ç—Ä–µ–Ω–∏—Ä—É—é—Ç —Ç—É –∏–ª–∏ –¥—Ä—É–≥—É—é –º—ã—à—Ü—É. –Ø –Ω–∞—á–∞–ª –≤—ã–ø–æ–ª–Ω—è—Ç—å –ø–æ 3 —É–ø—Ä–∞–∂–Ω–µ–Ω–∏—è, —ç—Ç–æ –±—ã–ª–∏ –∂–∏–º –Ω–∞–¥ –≥–æ–ª–æ–≤–æ–π, —Å–≥–∏–±–∞–Ω–∏–µ –∏ –ø—Ä–∏—Å–µ–¥–∞–Ω–∏—è —Å –≥–∏—Ä—è–º–∏. –í—ã–ø–æ–ª–Ω—è–ª —è –ø–æ 4 –ø–æ–¥—Ö–æ–¥–∞ –∫–∞–∂–¥—É—é, —Å 20 –ø–æ–≤—Ç–æ—Ä–µ–Ω–∏—è–º–∏, —Å–Ω–∞—á–∞–ª–∞ —Å –æ–¥–Ω–æ–π –≥–∏—Ä–µ–π –ø–æ—Ç–æ–º —Å –¥–≤—É–º—è. –Ø —Å–º–æ–≥ —Å–ø—Ä–æ–≥—Ä–µ—Å—Å–∏—Ä–æ–≤–∞—Ç—å –≤—Å–µ–≥–æ –Ω–∞ 2 –∫–≥. –í–∏–∑—É–∞–ª—å–Ω–æ —è –Ω–µ –∏–∑–º–µ–Ω–∏–ª—Å—è,  –∫–æ–Ω–µ—á–Ω–æ, —è –ø–æ–Ω–∏–º–∞–ª, —á—Ç–æ –µ—Å–ª–∏ –±—ã —ç—Ç–æ –¥–∞–≤–∞–ª–æ—Å—å —Ç–∞–∫ –ø—Ä–æ—Å—Ç–æ, —Ç–æ –≤—Å–µ —É–∂–µ –¥–∞–≤–Ω–æ —Ö–æ–¥–∏–ª–∏ –±—ã —Å –±–∏—Ü–µ–ø—Ü–µ–º –≤ 56.5 —Å–º –∏ –±–æ–ª–µ–µ, –Ω–æ, –º–µ–Ω—è —ç—Ç–æ –≤—Å–µ —Ä–∞–≤–Ω–æ —ç—Ç–æ —Ä–∞—Å—Å—Ç—Ä–∞–∏–≤–∞–ª–æ. –î–∞–ª—å—à–µ —è —Ç—Ä–µ–Ω–∏—Ä–æ–≤–∞–ª—Å—è —Ç–æ—á–Ω–æ —Ç–∞–∫ –∂–µ, –º–µ—Å—è—Ü, –¥–≤–∞, —Ç—Ä–∏ –∏ –ø—Ä–æ–≥—Ä–µ—Å—Å–∞ –Ω–µ –±—ã–ª–æ –≤–æ–æ–±—â–µ. –Ø –ø–æ–¥—É–º–∞–ª —á—Ç–æ —è –Ω–µ –¥–æ—Ä–∞–±–∞—Ç—ã–≤–∞—é, –∏ –¥–æ–±–∞–≤–∏–ª –µ—â—ë 6, —Ç–∞–∫ –∫–∞–∫ –≥–¥–µ-—Ç–æ —É—Å–ª—ã—à–∞–ª, —á—Ç–æ –ª—É—á—à–µ –¥–µ–ª–∞—Ç—å –Ω–∞ –±–∏—Ü–µ–ø—Å 10 –ø–æ–¥—Ö–æ–¥–æ–≤. –¢–∞–∫ —Ç—Ä–µ–Ω–∏—Ä–æ–≤–∞–ª—Å—è —è –º–µ—Å—è—Ü. –Ø –ø–æ–¥—É–º–∞–ª: ""—Å—É–∫–∞, –Ω—É —Ö–æ—Ç—å –Ω–∞ 0,5 —Å–º —è –¥–æ–ª–∂–µ–Ω –±—ã–ª —Å–ø—Ä–æ–≥—Ä–µ—Å—Å–∏—Ä–æ–≤–∞—Ç—å?"". –ü–æ–¥–∞–≤–ª–µ–Ω–Ω—ã–π —è —Å—Ç–∞–ª –∏—Å–∫–∞—Ç—å –Ω–æ–≤—ã–µ –º–µ—Ç–æ–¥–∏–∫–∏, –Ω–æ–≤—ã–µ —Ç—Ä–µ–Ω–∏—Ä–æ–≤–æ—á–Ω—ã–µ –ø—Ä–æ–≥—Ä–∞–º–º—ã, –ø–µ—Ä–µ–ø—Ä–æ–±–æ–≤–∞–ª –∏ —á–∞—Å—Ç–∏—á–Ω—ã–µ –∏ –Ω–µ–≥–∞—Ç–∏–≤–Ω—ã–µ –∏ —Ñ–æ—Ä—Å–∏—Ä–æ–≤–∞–Ω–Ω—ã–µ –ø–æ–≤—Ç–æ—Ä–µ–Ω–∏—è, –¥–µ–ª–∞–ª —É–ø—Ä–∞–∂–Ω–µ–Ω–∏—è –∏ —Å –º–∏–Ω–∏–º–∞–ª—å–Ω—ã–º –∏ —Å –º–∞–∫—Å–∏–º–∞–ª—å–Ω—ã–º —á–∏—Ç–∏–Ω–≥–æ–º. –ò –∑–∞ 2.5 –≥–æ–¥–∞ —è –ø—Ä–∏–±–∞–≤–∏–ª –≤—Å–µ–≥–æ 1.5 —Å–º –∫ —Ä—É–∫–∞–º. –ú–µ–Ω—è —ç—Ç–æ –æ—á–µ–Ω—å —Ä–∞—Å—Å—Ç—Ä–∞–∏–≤–∞–ª–æ, –≤–µ–¥—å —è –ø–∞—Ö–∞–ª –∫–∞–∫ —á—ë—Ä—Ç, –Ω–µ –∂–∞–ª–µ–ª –Ω–∏ —Å–∏–ª –Ω–∏ –≤—Ä–µ–º–µ–Ω–∏, –∞ —Ä–µ–∑—É–ª—å—Ç–∞—Ç? –ü–æ—á–µ–º—É –æ–Ω —Ç–∞–∫–æ–π –º–∏–Ω–∏–º–∞–ª—å–Ω—ã–π? –ê –¥–∞–ª—å—à–µ –Ω–∞—Å—Ç–∞–ª–∞ —á–µ—Ä–Ω–∞—è –ø–æ–ª–æ—Å–∞. –î–µ–Ω–µ–≥ –Ω–µ –æ—Å—Ç–∞–ª–æ—Å—å, –¥–∞–∂–µ —Å–æ–±—Å—Ç–≤–µ–Ω–Ω—ã–µ –¥–µ–¥—É—à–∫–∞ –∏ –±–∞–±—É—à–∫–∞ –æ—Ç–≤–µ—Ä–Ω—É–ª–∏—Å—å –æ—Ç –Ω–∞—Å. –ß—Ç–æ –¥–µ–ª–∞—Ç—å? –Ø –≤—Å–µ —Ä–∞–≤–Ω–æ —à–µ–ª –∏ —Ç—Ä–µ–Ω–∏–ª —Ö–æ—Ç—è –ø–∏—Ç–∞–ª—Å—è —è –æ—Ç–≤—Ä–∞—Ç–∏—Ç–µ–ª—å–Ω–æ —É –Ω–∞—Å –Ω–µ –±—ã–ª–æ –¥–∞–∂–µ –ø—Ä–æ—Å—Ç–æ–π –∫–æ–ª–±–∞—Å—ã, –¥–∞ —á—Ç–æ —Ç–∞–º –∫–æ–ª–±–∞—Å—ã –Ω–µ –±—ã–ª–æ –¥–∞–∂–µ —Ä–∞—Å—Ç–∏—Ç–µ–ª—å–Ω–æ–≥–æ –º–∞—Å–ª–∞. –ù–µ –±—ã–ª–æ –≥–∞–∑–∞, –ø–æ—Ç–æ–º—É –Ω–∞ –ø—Ä–∏—Ö–æ–¥–∏–ª–æ—Å—å –≥–æ—Ç–æ–≤–∏—Ç—å –Ω–∞ –ø–µ—á–∏. –ú—ã –≤–∞—Ä–∏–ª–∏ —Å—É–ø—ã –∏–∑ —Ä–∏—Å–∞, –∫–æ—Ç–æ—Ä—ã–π —á—É–¥–æ–º –ø–æ—è–≤–∏–ª—Å—è –∏–∑ –Ω–µ–æ—Ç–∫—É–¥–∞, –∏ –∫–æ—Ä—Ç–æ—à–∫–∞. –ü–æ—Å–ª–µ, –∫–æ–≥–¥–∞ –æ—Å—Ç–∞–ª–∞—Å—å —Ç–æ–ª—å–∫–æ –∫–æ—Ä—Ç–æ—à–∫–∞, –º—ã –ø–∏—Ç–∞–ª–∏—Å—å 3 —Ä–∞–∑–∞ –≤ –¥–µ–Ω—å. –ó–∞–≤—Ç—Ä–∞–∫: –ø–µ—á—ë–Ω–∫–∏, –û–±–µ–¥: –ø–µ—á—ë–Ω–∫–∏, –£–∂–∏–Ω: –ü–µ—á—ë–Ω–∫–∏. –Ø –Ω–µ–Ω–∞–≤–∏–¥–µ–ª —Å–µ–±—è, –º–Ω–µ –∫–∞–∑–∞–ª–æ—Å—å —á—Ç–æ –≤—Å—è –¥–µ—Ä–µ–≤–Ω—è –ø—Ä–æ—Å—Ç–æ –Ω–µ–Ω–∞–≤–∏–¥–µ–ª–∞ –Ω–∞—Å –∏ —Ö–æ—á–µ—Ç –ø—Ä–∏—á–∏–Ω–∏—Ç—å –Ω–∞–º –≤—Å—è—á–µ—Å–∫–∏ –±–æ–ª—å. –ú–Ω–µ –±—ã–ª–æ –æ—á–µ–Ω—å –ø–ª–æ—Ö–æ. –ö–∞–∑–∞–ª–æ—Å—å —á—Ç–æ —è –ø—Ä–æ—Å—Ç–æ —Å–∫–æ—Ä–æ –≤—Å—ë, –Ω–µ –ø–æ–Ω–∏–º–∞—é, –∑–∞—á–µ–º —è –¥–∞–ª—å—à–µ —Ç—Ä–µ–Ω–∏–ª? –≤–µ–¥—å –±–µ–∑ –Ω–æ—Ä–º–∞–ª—å–Ω–æ–≥–æ –ø–∏—Ç–∞–Ω–∏—è —É —Ç–µ–±—è –Ω–∏—á–µ–≥–æ –Ω–µ –≤—ã—Ä–∞—Å—Ç–µ—Ç. –ù–æ —è –≤—Å—ë —Ä–∞–≤–Ω–æ —Ç—Ä–µ–Ω–∏—Ä–æ–≤–∞–ª—Å—è –¥–æ —É–ø–∞–¥—É. –ù–æ–≥–∏ –ø–æ–¥–∫–∞—à–∏–≤–∞—é—Ç—Å—è, –∞ —è –µ***—É –∫–∞–∫ —á–µ—Ä—Ç. –î–∞, —è –Ω—ã–ª, –ø–æ—Ç–æ–º—É —á—Ç–æ –Ω–∞–¥–µ—è–ª—Å—è —á—Ç–æ —á—Ç–æ-—Ç–æ –≤—ã—Ä–∞—Å—Ç–µ—Ç, –∞ –æ–Ω–æ –Ω–µ —Ä–æ—Å–ª–æ. –£ –º–µ–Ω—è –Ω–µ –æ—Å—Ç–∞–≤–∞–ª–æ—Å—å –º—ã—Å–ª–µ–π –∫—Ä–æ–º–µ: –∑–∞ —á—Ç–æ? –ü–æ—á–µ–º—É –∏–º–µ–Ω–Ω–æ –º–æ—é –º–µ—á—Ç—É —Ç–∞–∫ –∫—Ç–æ-—Ç–æ —Ä–∞—Å—Ç–æ–ø—Ç–∞–ª? –ü–æ—á–µ–º—É —É–¥–∞—á–∞ –ø–æ–≤–µ—Ä–Ω—É–ª–∞—Å—å –∫–æ –º–Ω–µ –∑–∞–¥–Ω–∏—Ü–æ–π? –ü–æ—á–µ–º—É —è? –ù–µ—É–∂–µ–ª–∏ –º–Ω–µ –Ω–µ–ª—å–∑—è –∂–∏—Ç—å –∫–∞–∫ –≤—Å–µ? –ù–µ—É–∂–µ–ª–∏ –≤—Å–µ —Ç–∞–∫ –∏ –∫–æ–Ω—á–∏—Ç—Å—è? –ù–µ—É–∂–µ–ª–∏ –º–æ–µ–π –º–µ—Å—Ç–µ –Ω–µ —Å—É–∂–¥–µ–Ω–æ —Å–±—ã—Ç—å—Å—è?
–ù–æ —ç—Ç–∏ –º—ã—Å–ª–∏ —É –º–µ–Ω—è –ø—Ä–æ–ø–∞–¥–∞–ª–∏, –∫–æ–≥–¥–∞ —è –≥–æ–≤–æ—Ä–∏–ª —Å–∞–º —Å–µ–±–µ: ""–Ω–µ—á–µ–≥–æ, –≤—Å–µ –ø—Ä–æ–π–¥–µ—Ç, –Ω–∞—Å—Ç–∞–Ω–µ—Ç –Ω–æ–≤—ã–π –¥–µ–Ω—å, –æ–Ω –±—É–¥–µ—Ç –ª—É—á—à–µ, –µ—Å—Ç—å –ª—é–¥–∏, –∫–æ—Ç–æ—Ä—ã–º –ø–æ–≤–µ–∑–ª–æ –º–µ–Ω—å—à–µ —á–µ–º —Ç–µ–±–µ, –≤ —Å—Ä–∞–≤–Ω–µ–Ω–∏–∏ —Å –Ω–∏–º–∏ —Ç—ã –µ—â—ë –≤–µ–∑—É–Ω—á–∏–∫!"". –î–∞, –¥—É–º–∞–ª —è, –∏ –ø—Ä–∞–≤–¥–∞ –µ—Å—Ç—å –ª—é–¥–∏ –∫–æ—Ç–æ—Ä—ã–º –Ω–∞–º–Ω–æ–≥–æ, –∞ —è —Ç—É—Ç –Ω–æ—é, –ø–æ–∑–æ—Ä! –Ø –¥–∞–ª—å—à–µ —à—ë–ª —Ç—Ä–µ–Ω–∏—Ä–æ–≤–∞—Ç—å—Å—è, —Ö–æ—Ç—è —É–∂–µ –æ—Ç –Ω–µ–∏–∑–º–µ–Ω—è–µ–º—ã—Ö –≤–µ—Å–æ–≤ –∏ —É–ø—Ä–∞–∂–Ω–µ–Ω–∏–π –º–µ–Ω—è —Ç–æ—à–Ω–∏–ª–æ, –∞ –≥–ª–∞–∑–∞ —Ä–µ–∑–∞–ª–æ, —è —Ç—Ä–µ–Ω–∏—Ä–æ–≤–∞–ª—Å—è —Å –Ω–∏–º–∏. –ê –∫—É–¥–∞ –º–Ω–µ –¥–µ–≤–∞—Ç—å—Å—è? –í–µ–¥—å –±–æ–ª—å—à–∏–µ —è –Ω–µ –º–æ–≥ –æ—Å–∏–ª–∏—Ç—å. –Ø –¥—É–º–∞–ª —è –≤ –∞–¥—É. –Ø —É—Å–ø–æ–∫–∞–∏–≤–∞–ª —Å–µ–±—è, –∏ —Å–Ω–æ–≤–∞ –Ω—ã–ª, –∏ —Ç–∞–∫ –ø–æ –∫—Ä—É–≥—É. –Ø –¥—É–º–∞–ª, —á—Ç–æ –º–Ω–µ –Ω–µ –±—ã—Ç—å –ê—Ä–Ω–æ–ª—å–¥–æ–º, –º–Ω–µ –Ω–µ —Ö–≤–∞—Ç–∏—Ç–∞–µ—Ç –µ–≥–æ —É–ø–æ—Ä—Å—Ç–≤–∞ –∏ –∂–µ–ª–∞–Ω–∏—è, —è —á—É–≤—Å—Ç–≤–æ–≤–∞–ª —á—Ç–æ —Å–∫–æ—Ä–æ —è –ø—Ä–µ–∫—Ä–∞—â—É —ç—Ç–æ –¥–µ–ª–æ, –Ω–æ –Ω–µ –ø—Ä–µ–∫—Ä–∞—â–∞–ª. –ü–æ —Å–µ–π –¥–µ–Ω—å —è —Ç–∞–∫ –∏ –Ω–µ –Ω–∞—Ä–∞—Å—Ç–∏–ª —Ç–æ, —á–µ–≥–æ —Ö–æ—Ç–µ–ª, –¥–∞–∂–µ –≤–µ—Å –º–æ–π —Å–µ—Ä—å—ë–∑–Ω–æ –Ω–µ –≤—ã—Ä–æ—Å (66 –∫–≥). –Ø —Ö–æ—Ç–µ–ª –≤ –æ—á–µ—Ä–µ–¥–Ω–æ–π —Ä–∞–∑ –∫–∞–∫-—Ç–æ –∑–∞–º–æ—Ç–∏–≤–∏—Ä–æ–≤–∞—Ç—å —Å–µ–±—è, –ø–æ—ç—Ç–æ–º—É –∏ –Ω–∞—á–∞–ª –ø–∏—Å–∞—Ç—å —ç—Ç–æ. –°–µ–π—á–∞—Å —è —É—á—É—Å—å, –∏ –º–Ω–µ –Ω—É–∂–Ω—ã –¥–µ–Ω—å–≥–∏. –ö–∞–∫ –≤—ã –ø–æ–Ω—è–ª–∏ —è –Ω–µ –±–æ–≥–∞—Ç, —è –ø–æ–¥—Ä–∞–±–∞—Ç—ã–≤–∞—é, –Ω–æ –º–Ω–µ –Ω–µ —Ö–≤–∞—Ç–∞–µ—Ç —ç—Ç–∏—Ö –¥–µ–Ω–µ–≥. –î—Ä—É–∑—å—è –ø–æ–º–æ–≥–∏—Ç–µ —Ö–æ—Ç—å —á—É—Ç—å-—á—É—Ç—å, —Ö–æ—Ç—å —à—Ç–∞–Ω–≥—É —Å–µ–±–µ –∫—É–ø–∏—Ç—å, –¥–æ —ç—Ç–æ–≥–æ —è –±—Ä–∞–ª –ª–æ–º, –≤–µ—à–∞–ª –Ω–∞ –Ω–µ–≥–æ –ø–∞—Ä—É —Ä—é–∫–∑–∞–∫–æ–≤ —Å –Ω–∞–±–∏—Ç—ã–º–∏ –∫–∏—Ä–ø–∏—á–∞–º–∏ –∏ –¥–µ–ª–∞–ª —Ä–∞–∑–ª–∏—á–Ω—ã–µ —É–ø—Ä–∞–∂–Ω–µ–Ω–∏—è. –†–∞—Å—Ö–æ–¥ –∏–¥—ë—Ç –±–æ–ª—å—à–æ–π: –ù–∞ –µ–¥—É, –æ–¥–µ–∂–¥—É, –∫–≤–∞—Ä—Ç–∏—Ä—É (—Å–Ω–∏–º–∞—é —É –¥—Ä—É–≥–∞) –∏ –Ω–∞ –±–µ–Ω–∑–∏–Ω. –ü–æ–ø—Ä–æ—à–∞–π–Ω–∏—á–∞—Ç—å —è –Ω–µ –¥—É–º–∞–ª, –Ω–æ –º–Ω–µ –¥–µ–π—Å—Ç–≤–∏—Ç–µ–ª—å–Ω–æ –±–æ–ª—å—à–µ –Ω–µ—á–µ–≥–æ –¥–µ–ª–∞—Ç—å ( –Ø –∏–¥—É –∫ –º–µ—á—Ç–µ, –ø—É—Å–∫–∞–π –¥–∞–∂–µ —Ç–∞–∫ –±–æ–ª—å—à–µ –Ω–∏ –∫–∞–∫, —Å–µ–π—á–∞—Å –º–Ω–µ –Ω—É–∂–Ω–∞ —à—Ç–∞–Ω–≥–∞ –∏ –Ω–æ—Ä–º–∞–ª—å–Ω–æ–µ –ø–∏—Ç–∞–Ω–∏–µ (–±–æ–∂–µ, –ø–∏—à—É —ç—Ç–æ –∏ –º–Ω–µ —Å—Ç—ã–¥–Ω–æ). –®—Ç–∞–Ω–≥–∞ —Å—Ç–æ–∏—Ç –æ–∫–æ–ª–æ 25–∫, –ø–æ—ç—Ç–æ–º—É –¥—Ä—É–∑—å—è –µ—Å–ª–∏ –Ω–∞–π–¥–µ—Ç—Å—è –ª–∏—à–Ω–∏–π —Ä—É–±–ª—å, —Ç–æ –∫–∏–Ω—å—Ç–µ –Ω–∞ qiwi. –ú–æ–∂–µ—Ç–µ –æ—Å—É–¥–∏—Ç—å –º–µ–Ω—è, –µ—Å—Ç—å –ª—é–¥–∏ –∫–æ—Ç–æ—Ä—ã–º –Ω—É–∂–Ω—ã –¥–µ–Ω—å–≥–∏ –±–æ–ª—å—à–µ —á–µ–º –º–Ω–µ, –∏—Ö –∂–∏–∑–Ω—å –Ω–∞–ø—Ä—è–º—É—é –∑–∞–≤–∏—Å–∏—Ç –æ—Ç –¥–µ–Ω–µ–≥, —Ç–æ –ª—É—á—à–µ –æ—Ç–ø—Ä–∞–≤—Ç–µ –∏–º. –ï—Å–ª–∏ –≤—ã –¥–µ–π—Å—Ç–≤–∏—Ç–µ–ª—å–Ω–æ –ø—Ä–æ—á–∏—Ç–∞–ª–∏ —ç—Ç—É –º—É—Ç—å ( —ç—Ç–æ –±—ã–ª –º–æ–π –∫—Ä–∏–∫ –¥—É—à–∏ –Ω–∞–≤–µ—Ä–Ω–æ–µ. —á—ë—Ä–Ω–∞—è –ø–æ–ª–æ—Å–∞ –Ω–∏ –∫–∞–∫ –Ω–µ –ø–æ–∫–∏–¥–∞–µ—Ç, –ø—Ä–æ—Å—Ç–æ –ø–æ—Å—Ç–æ—è–Ω–Ω–æ –Ω–µ –≤–µ–∑—ë—Ç;- ( ), —Ç–æ —è –∏—Å–∫—Ä–µ–Ω–Ω–µ –∂–µ–ª–∞—é, —á—Ç–æ–±—ã —Å –≤–∞–º–∏ –Ω–µ –ø—Ä–æ–∏–∑–æ—à–ª–æ —Ç–æ–≥–æ, —á—Ç–æ –ø—Ä–æ–∏—Å—Ö–æ–¥–∏—Ç –∏–ª–∏ –ø—Ä–æ–∏—Å—Ö–æ–¥–∏–ª–æ —Å –º–Ω–æ–π. –Ø —Ö–æ—á—É —á—Ç–æ–±—ã –≤—ã —Å–ª–µ–¥–∞–≤–∞–ª–∏ —Å–≤–æ–µ–π —Ü–µ–ª–∏ –∏ –æ–±—è–∑–∞—Ç–µ–ª—å–Ω–æ –¥–æ–±–∏–ª–∏—Å—å –µ—ë, –∞ –Ω–µ –∫–∞–∫ —è, –ø—Ä–∞–∫—Ç–∏—á–µ—Å–∫–∏ –Ω–µ—á–µ–≥–æ –Ω–µ –¥–æ–±–∏–ª—Å—è, —Ö–æ—Ç—è –ø–æ—Ç—Ä–∞—Ç–∏–ª –º–Ω–æ–≥–æ –≤—Ä–µ–º–µ–Ω–∏. –ú–Ω–µ –∏ –ø—Ä–∞–≤–¥–∞ –µ–ª–µ –µ–ª–µ —Ö–≤–∞—Ç–∞–µ—Ç –Ω–∞ –æ–ø–ª–∞—Ç—É —É—Å–ª—É–≥ –∏ —Ç.–ø. –ø–∏—Ç–∞—é—Å—å –ø–∑–¥—Ü –∫–∞–∫ –ø–ª–æ—Ö–æ, 2 —Ä–∞–∑–∞ –≤ –¥–µ–Ω—å. 
–ú–æ–∂–µ—Ç–µ –æ—Å—É–¥–∏—Ç—å, –Ω–æ —è –Ω–µ –∑–Ω–∞—é —á—Ç–æ –¥–µ–ª–∞—Ç—å, –ø–æ—ç—Ç–æ–º—É –µ—Å–ª–∏ –∑–∞–∫–∏–Ω–µ—Ç–µ —Ö–æ—Ç—è –±—ã —Ä—É–±–ª—å, —Ç–æ —è –±—É–¥—É –æ—á–µ–Ω—å –±–ª–∞–≥–æ–¥–∞—Ä–µ–Ω –≤–∞–º, —Å–ø–∞—Å–∏–±–æ!
--------------------------------------------------------------------------------------------------
–ï—Å–ª–∏ –¥–µ–π—Å—Ç–≤–∏—Ç–µ–ª—å–Ω–æ –∫—Ç–æ-—Ç–æ –ø–æ—Å–ª–µ —ç—Ç–æ–≥–æ –Ω—ã—Ç—å—è —Ö–æ—á–µ—Ç –ø–æ–¥–¥–µ—Ä–∂–∞—Ç—å —Ç–æ –≤–æ—Ç —Å—á—ë—Ç:
 Qiwi - 4890494799974951
--------------------------------------------------------------------------------------------------
–ë–æ–ª—å—à–æ–µ —Å–ø–∞—Å–∏–±–æ –≤–∞–º –∑–∞ –≤–∞—à–µ –≤–Ω–∏–º–∞–Ω–∏–µ, –∏ –∏–∑–≤–∏–Ω–∏—Ç–µ —á—Ç–æ –ø–æ—Ç—Ä–∞—Ç–∏–ª —É –≤–∞—Å –≤–∞—à–µ –≤—Ä–µ–º—è.",post,post,1,25070521,20.12.2005,2,–±–ª–∞–≥–æ,1.0,,"17,5",1.0,,,,,,,,,,,,1
200,200,200,629714171,"–ù—É –¥–∞, –ø–∞—Å–∏–±–æ –ö–ª–∞—Ä–∞ –∏ –†–æ–∑–∞, –±—É–¥—å –æ–Ω–∏ –Ω–µ–ª–∞–¥–Ω—ã...",post,post,1,25055413,1.11.1986,1,–ø–∞—Å–∏–±–æ,1.0,,"36,7",3.0,,,,,,,,,,,,2
201,201,201,235360701,–°–ø—Å —è —ç—Ç–æ –∏ —Ö–æ—Ç–µ–ª —Å–µ–≥–æ–¥–Ω—è —É—Å–ª—ã—à–∞—Ç—å,post,post,1,25054773,1.12,2,—Å–ø—Å,,,,,,,,,,,,,,,,0
204,204,204,342305680,"–î—Ä—É–∑—å—è, –ø–æ–¥—Å–∫–∞–∂–∏—Ç–µ, –≥–¥–µ –º–æ–∂–Ω–æ –∑–∞–∫—É–ø–∏—Ç—å –ª–µ–∫–∞—Ä—Å—Ç–≤? –£ –Ω–∞—Å –≤ –∞–ø—Ç–µ–∫–∞—Ö —Ä–∞–∑–º–µ—Ç–µ–Ω–æ –≤—Å–µ –≤–ø–ª–æ—Ç—å –¥–æ –∑–µ–ª–µ–Ω–∫–∏, –∞ –Ω—É–∂–Ω—ã –æ—á–µ–Ω—å —Å–ø–µ—Ü–∏—Ñ–∏—á–µ—Å–∫–∏–µ –ø—Ä–µ–ø–∞—Ä–∞—Ç—ã –¥–ª—è –¥–µ–¥–∞ –ø–æ—Å–ª–µ –∏–Ω—Å—Ç—É–ª—å—Ç–∞ ‚Äì –¢–∏–æ—Ü–µ—Ç–∞–Ω –∏ –í–∏–Ω–ø–æ—Ç—Ä–æ–ø–∏–ª, –º–æ–∂–µ—Ç —É –∫–æ–≥–æ-—Ç–æ –µ—Å—Ç—å –≤—ã—Ö–æ–¥—ã –Ω–∞ –ø—Ä–æ–≤–∏–∑–æ—Ä–æ–≤, –∏–ª–∏ –∫–∞–∫–∏–µ-—Ç–æ –∫–æ–Ω—Ç–∞–∫—Ç—ã –º–µ–¥. –±–∞–∑? –ë—É–¥—É –æ—á–µ–Ω—å –±–ª–∞–≥–æ–¥–∞—Ä–µ–Ω –∑–∞ –ª—é–±—É—é –ø–æ–º–æ—â—å!",post,post,1,25036849,,2,–±–ª–∞–≥–æ,,,,,,,,,,,,,,,,1
205,205,205,563797693,"–ö–æ–º—É –Ω–µ —Å–ª–æ–∂–Ω–æ –∏ –∏–Ω—Ç–µ—Ä–µ—Å–Ω–æ, –∑–∞–π–¥–∏—Ç–µ –∫–æ –º–Ω–µ –Ω–∞ —Å—Ç—Ä–∞–Ω–∏—Ü—É –ø–æ—Å–ª—É—à–∞–π—Ç–µ –ø–ª–µ–π–ª–∏—Å—Ç –∏ –µ—Å–ª–∏ –ø–æ–Ω—Ä–∞–≤–∏—Ç—Å—è –ø–æ–¥–µ–ª–∏—Ç–µ—Å—å –∏–º —Å –¥—Ä—É–∑—å—è–º–∏, –±—É–¥—É –±–ª–∞–≥–æ–¥–∞—Ä–µ–Ω",post,post,1,25035658,5.7,2,–±–ª–∞–≥–æ,,,,,,,,,,,,,,,,0
206,206,206,684766876,–ë—É–¥–µ—Ç –ª–∏ —É –∫–æ–≥–æ –ø–∞—Ä–∞ –ª–∏—à–Ω–∏—Ö –≥.–± –Ω–∞ —Ç–µ–ª.–µ2? –ë—É–¥—É –±–ª–∞–≥–æ–¥–∞—Ä–µ–Ω,post,post,1,25008539,3.11.1998,2,–±–ª–∞–≥–æ,1.0,,"24,7",2.0,,,,,,,,,,,,0
207,207,207,709551259,–ë–ª–∞–≥–æ–¥–∞—Ä—é,post,post,1,24942769,19.2.2008,2,–±–ª–∞–≥–æ,1.0,,"15,4",1.0,,,,,,,,,,,,0
208,208,208,527881859,–°—è–ø,post,post,1,24931858,,1,—Å–ø—Å,,,,,,,,,,,,,,,,0
209,209,209,629692527,–ë–ª–∞–≥–æ–¥–∞—Ä—é –û–ª—å–≥–∞ u-u –õ—É—á—à–∏–π –ø–æ–¥–∞—Ä–æ–∫ ü§ß,post,post,1,24901554,26.1.2007,1,–±–ª–∞–≥–æ,1.0,,"16,4",1.0,,,,,,,,,,,,1
210,210,210,474972784,–°–ø—Å –∑–∞ –ª—É—á—à–∏–µ —Ç—Ä–µ–∫–∏ –¥–ª—è —Ñ–ª–µ–∫—Å–∞,post,post,1,24894283,25.4,2,—Å–ø—Å,,,,,,,,,,,,,,,,1
211,211,211,137025722,"–ü–æ–∂–∞–ª—É–π—Å—Ç–∞, –ø–æ—Å–º–æ—Ç—Ä–∏—Ç–µ –Ω–µ—Å–∫–æ–ª—å–∫–æ –≤–∏–¥–µ–æ —É –º–µ–Ω—è –Ω–∞ —Å—Ç—Ä–∞–Ω–∏—Ü–µ, –±—É–¥—É –æ—á–µ–Ω—å –±–ª–∞–≥–æ–¥–∞—Ä–Ω–∞ üòåüòåüòå",post,post,1,24890103,,1,–±–ª–∞–≥–æ,,,,,,,,,,,,,,,,1
212,212,212,602898264,"–ü–ê–°–ò–ë–û, –Ø –†–ê–î–ê üòª",post,post,1,24856294,6.1.2002,1,–ø–∞—Å–∏–±–æ,1.0,,"21,5",2.0,,,,,,,,,,,,0
216,216,216,75186946,"‚Äî –ù–æ —á—Ç–æ —è –≤—Å–µ-—Ç–∞–∫–∏ —Ö–æ—Ç–µ–ª –±—ã —É–∑–Ω–∞—Ç—å, ‚Äî –≥–æ–≤–æ—Ä–∏—Ç –ê–ª—å–±–µ—Ä—Ç, ‚Äî —Ç–∞–∫ —ç—Ç–æ –≤–æ—Ç —á—Ç–æ: –Ω–∞—á–∞–ª–∞—Å—å –±—ã –≤–æ–π–Ω–∞ –∏–ª–∏ –Ω–µ –Ω–∞—á–∞–ª–∞—Å—å, –µ—Å–ª–∏ –±—ã –∫–∞–π–∑–µ—Ä —Å–∫–∞–∑–∞–ª ¬´–Ω–µ—Ç¬ª? 
 
‚Äî –Ø —É–≤–µ—Ä–µ–Ω, —á—Ç–æ –≤–æ–π–Ω—ã –Ω–µ –±—ã–ª–æ –±—ã, ‚Äî –≤—Å—Ç–∞–≤–ª—è—é —è, ‚Äî –≤–µ–¥—å –æ–Ω, –≥–æ–≤–æ—Ä—è—Ç, —Å–Ω–∞—á–∞–ª–∞ –≤–æ–≤—Å–µ –Ω–µ —Ö–æ—Ç–µ–ª –µ–µ. 
 
‚Äî –ù—É –ø—É—Å—Ç—å –Ω–µ –æ–Ω –æ–¥–∏–Ω, –ø—É—Å—Ç—å –¥–≤–∞–¥—Ü–∞—Ç—å ‚Äî —Ç—Ä–∏–¥—Ü–∞—Ç—å —á–µ–ª–æ–≤–µ–∫ –≤–æ –≤—Å–µ–º –º–∏—Ä–µ —Å–∫–∞–∑–∞–ª–∏ –±—ã ¬´–Ω–µ—Ç¬ª, ‚Äî –º–æ–∂–µ—Ç –±—ã—Ç—å, —Ç–æ–≥–¥–∞ –µ–µ –≤—Å–µ –∂–µ –Ω–µ –±—ã–ª–æ –±—ã? 
 
‚Äî –ü–æ–∂–∞–ª—É–π —á—Ç–æ —Ç–∞–∫, ‚Äî —Å–æ–≥–ª–∞—à–∞—é—Å—å —è, ‚Äî –Ω–æ –≤–µ–¥—å –æ–Ω–∏-—Ç–æ –∫–∞–∫ —Ä–∞–∑ —Ö–æ—Ç–µ–ª–∏, —á—Ç–æ–± –æ–Ω–∞ –±—ã–ª–∞. 
 
‚Äî –°—Ç—Ä–∞–Ω–Ω–æ –≤—Å–µ-—Ç–∞–∫–∏, –∫–∞–∫ –ø–æ–¥—É–º–∞–µ—à—å, ‚Äî –ø—Ä–æ–¥–æ–ª–∂–∞–µ—Ç –ö—Ä–æ–ø–ø, ‚Äî –≤–µ–¥—å –∑–∞—á–µ–º –º—ã –∑–¥–µ—Å—å? –ß—Ç–æ–±—ã –∑–∞—â–∏—â–∞—Ç—å —Å–≤–æ–µ –æ—Ç–µ—á–µ—Å—Ç–≤–æ. –ù–æ –≤–µ–¥—å —Ñ—Ä–∞–Ω—Ü—É–∑—ã —Ç–æ–∂–µ –Ω–∞—Ö–æ–¥—è—Ç—Å—è –∑–¥–µ—Å—å –¥–ª—è —Ç–æ–≥–æ, —á—Ç–æ–±—ã –∑–∞—â–∏—â–∞—Ç—å —Å–≤–æ–µ –æ—Ç–µ—á–µ—Å—Ç–≤–æ. –¢–∞–∫ –∫—Ç–æ –∂–µ –ø—Ä–∞–≤? 
 
‚Äî –ú–æ–∂–µ—Ç –±—ã—Ç—å, –∏ –º—ã –∏ –æ–Ω–∏, ‚Äî –≥–æ–≤–æ—Ä—é —è, —Ö–æ—Ç—è –≤ –≥–ª—É–±–∏–Ω–µ –¥—É—à–∏ –∏ —Å–∞–º —ç—Ç–æ–º—É –Ω–µ –≤–µ—Ä—é. 
 
‚Äî –ù—É, –¥–æ–ø—É—Å—Ç–∏–º, —á—Ç–æ —Ç–∞–∫, ‚Äî –∑–∞–º–µ—á–∞–µ—Ç –ê–ª—å–±–µ—Ä—Ç, –∏ —è –≤–∏–∂—É, —á—Ç–æ –æ–Ω —Ö–æ—á–µ—Ç –ø—Ä–∏–∂–∞—Ç—å –º–µ–Ω—è –∫ —Å—Ç–µ–Ω–∫–µ, ‚Äî –æ–¥–Ω–∞–∫–æ –Ω–∞—à–∏ –ø—Ä–æ—Ñ–µ—Å—Å–æ—Ä–∞, –∏ –ø–∞—Å—Ç–æ—Ä—ã, –∏ –≥–∞–∑–µ—Ç—ã —É—Ç–≤–µ—Ä–∂–¥–∞—é—Ç, —á—Ç–æ –ø—Ä–∞–≤—ã —Ç–æ–ª—å–∫–æ –º—ã (–±—É–¥–µ–º –Ω–∞–¥–µ—è—Ç—å—Å—è, —á—Ç–æ —Ç–∞–∫ –æ–Ω–æ –∏ –µ—Å—Ç—å), –∞ –≤ —Ç–æ –∂–µ –≤—Ä–µ–º—è –∏—Ö –ø—Ä–æ—Ñ–µ—Å—Å–æ—Ä–∞, –∏ –ø–∞—Å—Ç–æ—Ä—ã, –∏ –≥–∞–∑–µ—Ç—ã —É—Ç–≤–µ—Ä–∂–¥–∞—é—Ç, —á—Ç–æ –ø—Ä–∞–≤—ã —Ç–æ–ª—å–∫–æ –æ–Ω–∏. –¢–∞–∫ –≤–æ—Ç, –≤ —á–µ–º –∂–µ —Ç—É—Ç –¥–µ–ª–æ? 
 
‚Äî –≠—Ç–æ —è –Ω–µ –∑–Ω–∞—é, ‚Äî –≥–æ–≤–æ—Ä—é —è, ‚Äî —è—Å–Ω–æ —Ç–æ–ª—å–∫–æ —Ç–æ, —á—Ç–æ –≤–æ–π–Ω–∞ –∏–¥–µ—Ç –∏ —Å –∫–∞–∂–¥—ã–º –¥–Ω–µ–º –≤ –Ω–µ–µ –≤—Å—Ç—É–ø–∞—é—Ç –≤—Å–µ –Ω–æ–≤—ã–µ —Å—Ç—Ä–∞–Ω—ã. 
 
–¢—É—Ç —Å–Ω–æ–≤–∞ –ø–æ—è–≤–ª—è–µ—Ç—Å—è –¢—å—è–¥–µ–Ω. –û–Ω –≤—Å–µ —Ç–∞–∫ –∂–µ –≤–∑–±—É–¥–æ—Ä–∞–∂–µ–Ω –∏ —Å—Ä–∞–∑—É –∂–µ –≤–Ω–æ–≤—å –≤–∫–ª—é—á–∞–µ—Ç—Å—è –≤ —Ä–∞–∑–≥–æ–≤–æ—Ä: —Ç–µ–ø–µ—Ä—å –µ–≥–æ –∏–Ω—Ç–µ—Ä–µ—Å—É–µ—Ç, –æ—Ç—á–µ–≥–æ –≤–æ–æ–±—â–µ –≤–æ–∑–Ω–∏–∫–∞—é—Ç –≤–æ–π–Ω—ã. 
 
‚Äî –ß–∞—â–µ –≤—Å–µ–≥–æ –æ—Ç —Ç–æ–≥–æ, —á—Ç–æ –æ–¥–Ω–∞ —Å—Ç—Ä–∞–Ω–∞ –Ω–∞–Ω–æ—Å–∏—Ç –¥—Ä—É–≥–æ–π —Ç—è–∂–∫–æ–µ –æ—Å–∫–æ—Ä–±–ª–µ–Ω–∏–µ, ‚Äî –æ—Ç–≤–µ—á–∞–µ—Ç –ê–ª—å–±–µ—Ä—Ç –¥–æ–≤–æ–ª—å–Ω–æ —Å–∞–º–æ—É–≤–µ—Ä–µ–Ω–Ω—ã–º —Ç–æ–Ω–æ–º. 
 
–ù–æ –¢—å—è–¥–µ–Ω –ø—Ä–∏–∫–∏–¥—ã–≤–∞–µ—Ç—Å—è –ø—Ä–æ—Å—Ç–∞—á–∫–æ–º: 
 
‚Äî –°—Ç—Ä–∞–Ω–∞? –ù–∏—á–µ–≥–æ –Ω–µ –ø–æ–Ω–∏–º–∞—é. –í–µ–¥—å –Ω–µ –º–æ–∂–µ—Ç –∂–µ –≥–æ—Ä–∞ –≤ –ì–µ—Ä–º–∞–Ω–∏–∏ –æ—Å–∫–æ—Ä–±–∏—Ç—å –≥–æ—Ä—É –≤–æ –§—Ä–∞–Ω—Ü–∏–∏. –ò–ª–∏, —Å–∫–∞–∂–µ–º, —Ä–µ–∫–∞, –∏–ª–∏ –ª–µ—Å, –∏–ª–∏ –ø—à–µ–Ω–∏—á–Ω–æ–µ –ø–æ–ª–µ. 
 
‚Äî –¢—ã –≤ —Å–∞–º–æ–º –¥–µ–ª–µ —Ç–∞–∫–æ–π –æ–ª—É—Ö –∏–ª–∏ —Ç–æ–ª—å–∫–æ –ø—Ä–∏—Ç–≤–æ—Ä—è–µ—à—å—Å—è? ‚Äî –≤–æ—Ä—á–∏—Ç –ö—Ä–æ–ø–ø. ‚Äî –Ø –∂–µ –Ω–µ —Ç–æ —Ö–æ—Ç–µ–ª —Å–∫–∞–∑–∞—Ç—å. –û–¥–∏–Ω –Ω–∞—Ä–æ–¥ –Ω–∞–Ω–æ—Å–∏—Ç –æ—Å–∫–æ—Ä–±–ª–µ–Ω–∏–µ –¥—Ä—É–≥–æ–º—É‚Ä¶ 
 
‚Äî –¢–æ–≥–¥–∞ –º–Ω–µ –∑–¥–µ—Å—å –¥–µ–ª–∞—Ç—å –Ω–µ—á–µ–≥–æ, ‚Äî –æ—Ç–≤–µ—á–∞–µ—Ç –¢—å—è–¥–µ–Ω, ‚Äî –º–µ–Ω—è –Ω–∏–∫—Ç–æ –Ω–µ –æ—Å–∫–æ—Ä–±–ª—è–ª. 
 
‚Äî –ü–æ–¥–∏ –æ–±—ä—è—Å–Ω–∏ —á—Ç–æ-–Ω–∏–±—É–¥—å —Ç–∞–∫–æ–º—É –¥—É—Ä–Ω—é, –∫–∞–∫ —Ç—ã, ‚Äî —Ä–∞–∑–¥—Ä–∞–∂–µ–Ω–Ω–æ –≥–æ–≤–æ—Ä–∏—Ç –ê–ª—å–±–µ—Ä—Ç, ‚Äî —Ç—É—Ç –≤–µ–¥—å –¥–µ–ª–æ –Ω–µ –≤ —Ç–µ–±–µ –∏ –Ω–µ –≤ —Ç–≤–æ–µ–π –¥–µ—Ä–µ–≤–Ω–µ. 
 
‚Äî –ê —Ä–∞–∑ —Ç–∞–∫, –∑–Ω–∞—á–∏—Ç –º–Ω–µ —Å–∞–º –±–æ–≥ –≤–µ–ª–µ–ª –≤–µ—Ä—Ç–∞—Ç—å—Å—è –¥–æ –¥–æ–º—É, ‚Äî –Ω–∞—Å—Ç–∞–∏–≤–∞–µ—Ç –¢—å—è–¥–µ–Ω, –∏ –≤—Å–µ —Å–º–µ—é—Ç—Å—è. 
 
‚Äî –≠—Ö —Ç—ã, –¢—å—è–¥–µ–Ω, –Ω–∞—Ä–æ–¥ —Ç—É—Ç –Ω–∞–¥–æ –ø–æ–Ω–∏–º–∞—Ç—å –∫–∞–∫ –Ω–µ—á—Ç–æ —Ü–µ–ª–æ–µ, —Ç–æ –µ—Å—Ç—å –≥–æ—Å—É–¥–∞—Ä—Å—Ç–≤–æ! ‚Äî –≤–æ—Å–∫–ª–∏—Ü–∞–µ—Ç –ú—é–ª–ª–µ—Ä. 
 
‚Äî –ì–æ—Å—É–¥–∞—Ä—Å—Ç–≤–æ, –≥–æ—Å—É–¥–∞—Ä—Å—Ç–≤–æ! ‚Äî –•–∏—Ç—Ä–æ —Å–æ—â—É—Ä–∏–≤—à–∏—Å—å, –¢—å—è–¥–µ–Ω –ø—Ä–∏—â–µ–ª–∫–∏–≤–∞–µ—Ç –ø–∞–ª—å—Ü–∞–º–∏. ‚Äî –ü–æ–ª–µ–≤–∞—è –∂–∞–Ω–¥–∞—Ä–º–µ—Ä–∏—è, –ø–æ–ª–∏—Ü–∏—è, –Ω–∞–ª–æ–≥–∏ ‚Äî –≤–æ—Ç —á—Ç–æ —Ç–∞–∫–æ–µ –≤–∞—à–µ –≥–æ—Å—É–¥–∞—Ä—Å—Ç–≤–æ. –ï—Å–ª–∏ —Ç—ã –ø—Ä–æ —ç—Ç–æ —Ç–æ–ª–∫—É–µ—à—å, –±–ª–∞–≥–æ–¥–∞—Ä—é –ø–æ–∫–æ—Ä–Ω–æ! 
 
‚Äî –í–æ—Ç —ç—Ç–æ –≤–µ—Ä–Ω–æ, –¢—å—è–¥–µ–Ω, ‚Äî –≥–æ–≤–æ—Ä–∏—Ç –ö–∞—Ç, ‚Äî –Ω–∞–∫–æ–Ω–µ—Ü—Ç–æ —Ç—ã –≥–æ–≤–æ—Ä–∏—à—å –¥–µ–ª—å–Ω—ã–µ –≤–µ—â–∏. –ì–æ—Å—É–¥–∞—Ä—Å—Ç–≤–æ –∏ —Ä–æ–¥–∏–Ω–∞ ‚Äî —ç—Ç–æ –∏ –≤ —Å–∞–º–æ–º –¥–µ–ª–µ –¥–∞–ª–µ–∫–æ –Ω–µ –æ–¥–Ω–æ –∏ —Ç–æ –∂–µ. 
 
–†–µ–º–∞—Ä–∫. 
 
–†–æ—Å—Å–∏—è–Ω–µ –≤–∞—Å —Ç–∞–∫–∏–µ –º—ã—Å–ª–∏ –Ω–∞—á–∏–Ω–∞—é—Ç –ø–æ—Å–µ—â–∞—Ç—å?",post,post,1,24853481,,2,–±–ª–∞–≥–æ,,,,,,,,,,,,,,,,0
217,217,217,691209629,–ü–æ–∫–æ—Ä–Ω–µ–π—à–µ –±–ª–∞–≥–æ–¥–∞—Ä—é –æ—Ç –ª–∏—Ü–∞ –≤—Å–µ—Ö –≤–∞—à–∏—Ö —Ä–∞–±–æ–≤ –∑–∞ –≤–∞—à—É –º–∏–ª–æ—Å—Ç—åüòÅüôÉ,post,post,1,24838982,17.1.2005,2,–±–ª–∞–≥–æ,1.0,,"18,4",2.0,,,,,,,,,,,,1
218,218,218,706517979,"–í–°–ï–• –° –ü—Ä–∞–∑–¥–Ω–∏–∫–æ–º!23 —Ñ–µ–≤—Ä–∞–ª—è –º—É–∂—á–∏–Ω—ã –±—Ä–∞—Ç—å—è!

P.S.
–µ—Å–ª–∏ –∫–æ–º—É –Ω–µ —Å–æ—Å—Ç–∞–≤–∏—Ç —Ç—Ä—É–¥–∞ –≤ —á–µ—Å—Ç—å 23 (üçû
–ù–∞ —Ö–ª–µ–±, –º–∞–∑–∏–∫ –∫—Ç–æ —Å–∫–æ–ª—å–∫–æ –º–æ–∂–µ—Ç
–°–±–µ—Ä üí≥5469510013225330
–ù–∞ 23 –¥–∞–∂–µ —Ä—É–±–ª—è –Ω–µ—Ç..
–ò –¥–∞
–Ø –∑–∞ –º–∏—Ä —É–æ –≤—Å—ë–º –º–∏—Ä–µ –∏ —Å –£–ö—Ä–∞–∏–Ω–æ–π –≤ —Ç–æ–º —á–∏—Å–ª–µ –∞ –≤—ã? 
U.P.D.
–ò —ç–∫—Å–∫–ª—é–∑–∏–≤–Ω–æ–µ —Ñ–æ—Ç–∞ —Ä–∞–∑–≤–µ–¥–∫–∏  —Ñ—Ä–∞–Ω—Ü–∏–∏
–ó–µ–ª–µ–Ω—Å–∫–∏–π –±–µ—Ä—ë—Ç –∫—Ä—ã–º ..23 —Ñ–µ–≤—Ä–∞–ª—è
P.S
–û—Ä—É–∂–∏–µ –º–∞–∫—Ä–æ–Ω–∞.

P.S –û—Ç –¥—É—à–∏ –±–ª–∞–≥–æ–¥–∞—Ä—é –∑–∞ 10 —Ä—É–±, –±–æ–ª—å—à–æ–µ —Å–ø–∞—Å–∏–±–æ —Ç–µ–±–µ –ú–∞–∫—Å–∏–º! –¢—ã –ª—É—á—à–∏–π –∏ —Å –ø—Ä–∞–∑–¥–Ω–∏–∫–æ–º –µ—â—ë —Ä–∞–∑",post,post,1,24824415,19.4.2001,2,–±–ª–∞–≥–æ,1.0,,"22,2",2.0,,,,,,,,,,,,1
219,219,219,465554486,–°–ø—Å,post,post,1,24814187,27.7.1903,2,—Å–ø—Å,,,,,,,,,,,,,,,,0
220,220,220,76009114,"–ü–∞—Å–µ–±–∞ –∞–¥–º–µ–Ω,–ø–ª–æ—Ö–æ —á—Ç–æ —Ç—ã –¥–∞—É–Ω",post,post,1,24787790,16.2,2,–ø–∞—Å–∏–±–æ,,,,,,,,,,,,,,,,2
221,221,221,428234932,–û–∫ —Å–ø—Å –∑–∞ –∏–Ω—Ñ—É,post,post,1,24780946,12.9.2002,2,—Å–ø—Å,1.0,,"20,8",2.0,,,,,,,,,,,,1
222,222,222,661940040,"–û–π, –ø–∞—Å–∏–±–∞)",post,post,1,24757872,,1,–ø–∞—Å–∏–±–æ,,,,,,,,,,,,,,,,0
223,223,223,613034914,—Å–ø—Å,post,post,1,24757872,7.11.2007,2,—Å–ø—Å,1.0,,"15,6",1.0,,,,,,,,,,,,1
224,224,224,606244134,–°–ø—Å,post,post,1,24757872,,2,—Å–ø—Å,,,,,,,,,,,,,,,,0
225,225,225,614816870,–ë–ª–∞–≥–æ–¥–∞—Ä—é,post,post,1,24757872,2.7.2004,2,–±–ª–∞–≥–æ,1.0,,"19,0",2.0,,,,,,,,,,,,0
226,226,226,575193825,—Å–ø—Å,post,post,1,24757872,27.2.2007,1,—Å–ø—Å,1.0,,"16,3",1.0,,,,,,,,,,,,1
227,227,227,638109175,–°–ø—Å,post,post,1,24729858,25.5.2008,2,—Å–ø—Å,1.0,,"15,1",1.0,,,,,,,,,,,,0
228,228,228,590840333,–û —Å–ø—Å,post,post,1,24729858,25.3.2006,2,—Å–ø—Å,1.0,,"17,3",1.0,,,,,,,,,,,,1
229,229,229,621762670,"–ü–∞—Å–∏–±–æ, —Å–¥–µ–ª–∞—é –ø–æ–¥–∞—Ä–æ–∫ —Å–∞–º–æ–º—É —Å–µ–±–µ",post,post,1,24665488,10.6.2004,2,–ø–∞—Å–∏–±–æ,1.0,,"19,0",2.0,,,,,,,,,,,,0
230,230,230,268477021,"–°–ø—Å ,—á—Ç–æ –ø–æ–∏–Ω—Ç–µ—Ä–µ—Å–æ–≤–∞–ª—Å—è, –≤ –∫–∞—á–∞–ª–∫–µ –≤—Å–µ —Ö–æ—Ä–æ—à–æ,—Å–µ–≥–æ–¥–Ω—è 90 –∫–≥ –∂–∏–º 3 —Ä–∞–∑–∞ –≤–∑—è–ª,—É —Ç—è –∫–∞–∫ –¥–µ–ª–∞?",post,post,1,24591164,,2,—Å–ø—Å,,,,,,,,,,,,,,,,0
231,231,231,586515917,–ë–ª–∞–≥–æ–¥–∞—Ä—é –∑–∞ –∏–¥–µ—é üëç,post,post,1,24570193,16.8.2003,2,–±–ª–∞–≥–æ,1.0,,"19,9",2.0,,,,,,,,,,,,1
232,232,232,376848745,–ü–∞—Å–∏–±. –ù–æ –≤—ã –æ—à–∏–±–ª–∏—Å—å. –í–†–µ–º—è 7 —É—Ç—Ä–∞. –ò —è —Ç–æ–ª—å–∫–æ —Å–µ–π—á–∞—Å –ø–æ–π–¥—É —Å–ø–∞—Ç—å,post,post,1,24557372,14.1.2003,2,–ø–∞—Å–∏–±–æ,1.0,,"20,5",2.0,,,,,,,,,,,,2
233,233,233,388896395,"[id194889575|–ê–ª–µ–∫—Å–µ–π], –æ —Å–ø—Å",post,post,1,24548184,9.1.2008,2,—Å–ø—Å,1.0,,"15,5",1.0,,,,,,,,,,,,0
234,234,234,604244645,"–°–ø–∞—Å–∏–±–æ, —á—Ç–æ —Ö–æ—Ç—è –±—ã –Ω–µ –ñ.–ì.–£. –†—É—Å—Å–∫–∏—Ö, —Å–ø—Å",post,post,1,24534227,2.10.2003,1,—Å–ø—Å,1.0,,"19,7",2.0,,,,,,,,,,,,2
235,235,235,578894225,–í—Å–µ–º –ø—Ä–∏–≤–µ—Ç. –ö–æ—Ä–æ—á–µ —è –≤ –∞—Ä–º–µ–π–∫–µ –∫—Ç–æ 100—Ä —Å–∫–∏–Ω–µ—Ç –Ω–∞ –º–∞–≥–∞–∑ –±—É–¥—É –±–ª–∞–≥–æ–¥–∞—Ä–µ–Ω  2202 20109—ç 9568 5687,post,post,1,24498044,,2,–±–ª–∞–≥–æ,,,,,,,,,,,,,,,,0
236,236,236,561157291,–ö—Ç–æ –º–æ–∂–µ—Ç —Å–∫–∏–Ω—É—Ç—å –ø–∞—Ä—É –≥–∏–≥–æ–≤ –ø–æ —Ç–µ–ª–µ2 ? –ë—É–¥—É –±–ª–∞–≥–æ–¥–∞—Ä–µ–Ω,post,post,1,24486918,11.5.2004,2,–±–ª–∞–≥–æ,1.0,,"19,1",2.0,,,,,,,,,,,,0
237,237,237,522446168,–†—ã–±—ã: —Å–ø—Å,post,post,1,24471008,,2,—Å–ø—Å,,,,,,,,,,,,,,,,1
238,238,238,698655674,–ë–ª–∞–≥–æ–¥–∞—Ä—é,post,post,1,24391194,8.5.1987,2,–±–ª–∞–≥–æ,1.0,,"36,2",3.0,,,,,,,,,,,,0
239,239,239,698655674,–ë–ª–∞–≥–æ–¥–∞—Ä—é,post,post,1,24391194,8.5.1987,2,–±–ª–∞–≥–æ,1.0,,"36,2",3.0,,,,,,,,,,,,0
240,240,240,608393267,"–ë–ª–∏–Ω ,—Å–ø–∞—Å–∏–±–æ –≤–∞–º, –∑–∞ —ç—Ç–æ –ø—Ä–∏–ª–æ–∂–µ–Ω–∏—è, —è –ø–æ–∑–Ω–∞–∫–æ–º–∏–ª–∞—Å—å —Å –æ—á–µ–Ω—å –æ—Ñ–∏–≥–µ–Ω–Ω—ã–º –ø–∞—Ä–Ω–µ–º, –º—ã –≤–º–µ—Å—Ç–µ –∏ —è —Ä–∞–¥–∞, –±–ª–∞–≥–æ–¥–∞—Ä—é –µ—â—ë —Ä–∞–∑ ‚ù§Ô∏èüòÖ",post,post,1,24295173,,1,–±–ª–∞–≥–æ,,,,,,,,,,,,,,,,1
241,241,241,600378539,"–°–ø—Å
–°-—Å–æ—Å–∏
–ü-–ø–æ–∫–∞
–°-—Å—Ç–æ–∏—Ç",post,post,1,24292919,2.12.2007,1,—Å–ø—Å,1.0,,"15,6",1.0,,,,,,,,,,,,0
242,242,242,598422567,"–ü—Ä–µ–º–Ω–æ–≥–æ –±–ª–∞–≥–æ–¥–∞—Ä–µ–Ω –º–µ–º–æ–¥–µ–ª–∞–º —ç—Ç–æ–π –≥—Ä—É–ø–ø—ã, –∑–∞ —Å—Ç–æ–ª—å –ø–æ–¥—Ä–æ–±–Ω—ã–π —Ä–∞–∑–±–æ—Ä –º–µ–º–∞, —á—Ç–æ–±—ã —è - –∫—Ä–∞–± –ø—Ä–æ—á—ë–ª –º–µ–º –Ω–∞ –ø–µ—Ä–≤–æ–π –∫–∞—Ä—Ç–∏–Ω–∫–µ, –Ω–∞ –≤—Ç–æ—Ä–æ–π, —á—Ç–æ –∑–∞–º–µ—Ç–∏–ª –≤—Å—é —Å—É—Ç—å, –∏ —Ç—Ä–µ—Ç—å—è, –∫–∞–∫ —è –¥–æ–ª–∂–µ–Ω –±—ã–ª –æ—Ç—Ä–µ–∞–≥–∏—Ä–æ–≤–∞—Ç—å. –ë–ª–∞–≥–æ–¥–∞—Ä—é!",post,post,1,24268631,,2,–±–ª–∞–≥–æ,,,,,,,,,,,,,,,,1
243,243,243,561219461,"–∫–∞–∫ –ø–æ—Ö–æ–∂–∏üëÄ

–ø–æ–ø—Ä–æ—à—É –Ω–µ –ª–∞–π–∫–∞—Ç—å, –±–ª–∞–≥–æ–¥–∞—Ä—é –∑–∞ –ø–æ–Ω–∏–º–∞–Ω–∏–µ",post,post,1,24196215,9.6,2,–±–ª–∞–≥–æ,,,,,,,,,,,,,,,,1
244,244,244,443879542,–ë–ª–∞–≥–æ–¥–∞—Ä—é,post,post,1,24170924,16.4.2007,1,–±–ª–∞–≥–æ,1.0,,"16,2",1.0,,,,,,,,,,,,0
245,245,245,517765573,–Ø –∏—Å–∫—Ä–µ–Ω–Ω–µ –±–ª–∞–≥–æ–¥–∞—Ä—é –∑–∞ –ø–æ—Ö–≤–∞–ª—É,post,post,1,24170924,,1,–±–ª–∞–≥–æ,,,,,,,,,,,,,,,,1
249,249,249,357745552,"–í–æ—Ç —ç—Ç–æ –∏–Ω—Ñ–∞, –∫–∞–∫ –±–µ–∑ –Ω–µ—ë –∂–∏–ª–∏, –¥–∞–∂–µ –Ω–µ –∑–Ω–∞—é. –°–ø—Å –∏–Ω–µ—Ç—É, —Ç–µ–ø–µ—Ä—å –º–æ–∂–Ω–æ —Å–ø–∞—Ç—å —Å–ø–æ–∫–æ–π–Ω–æ ü§£",post,post,1,24084183,22.9,1,—Å–ø—Å,,,,,,,,,,,,,,,,1
250,250,250,682183629,"–ö—Ç–æ —Å–º–æ–∂–µ—Ç –∫–∏–Ω—É—Ç—å –≥–∏–≥–∞–±–∞–π—Ç–æ–≤ –Ω–∞ —Ç–µ–ª–µ 2, –±—É–¥—É –æ—á–µ–Ω—å –±–ª–∞–≥–æ–¥–∞—Ä–µ–Ω",post,post,1,24056989,28.1.1991,2,–±–ª–∞–≥–æ,1.0,,"32,4",3.0,,,,,,,,,,,,1
251,251,251,676169938,"–Ω–∞–∫–æ–Ω–µ—Ü-—Ç–æ –Ω–æ—Ä–º–∞–ª—å–Ω–∞—è –ª—é–±–æ–≤—å
–±–ª–∞–≥–æ–¥–∞—Ä—é –∑–∞ —Å–æ—Ö—Ä–∞–Ω—ë–Ω–Ω—ã–µ –≥–ª–∞–∑–∞",post,post,1,24047409,31.1.2006,2,–±–ª–∞–≥–æ,1.0,,"17,4",1.0,,,,,,,,,,,,1
252,252,252,585670218,"–í—Å–µ –æ–±—â–∏–π üôÇ, –º–Ω–µ —Å–µ–≥–æ–¥–Ω—è 30 –ª–µ—Ç –∞ –¥–µ–Ω–µ–∫ –Ω–µ—Ç , –Ω–µ —Å–∞—á—Ç–∏—Ç–µ –∑–∞ –ø–∞–ø—Ä–∞—à–∞–π–∫—É –∞ –ª—É—á—à–µ –∫–∏–Ω—å—Ç–µ —Å–∫–æ–ª—å–∫–æ –ø–æ—à–µ—Ç–∞–µ—Ç–µ –Ω—É–∂–Ω—ã–º 4817760101048076 –∑–∞—Ä–∞–Ω–µ–µ –±–ª–∞–≥–æ–¥–∞—Ä—é üòé!",post,post,1,24043294,21.12.1991,2,–±–ª–∞–≥–æ,1.0,,"31,5",3.0,,,,,,,,,,,,1
253,253,253,584523883,–ö–æ—à–∫–∞ –±—É–¥–µ—Ç –±–ª–∞–≥–æ–¥–∞—Ä–Ω–∞ üòÅ,post,post,1,24032507,27.10,2,–±–ª–∞–≥–æ,,,,,,,,,,,,,,,,1
254,254,254,528841781,–±–ª–∞–≥–æ–¥–∞—Ä—é –∑–∞ –¥–µ—Ç—Å—Ç–≤–æ,post,post,1,24020407,16.9.1995,2,–±–ª–∞–≥–æ,1.0,,"27,8",2.0,,,,,,,,,,,,1
255,255,255,244919131,–ö—Ç–æ –Ω–∏–±—É–¥—å –ø–æ–¥–µ–ª–∏—Ç–µ—Å—å –ø–æ–∂–∞–ª—É–π—Å—Ç–∞ –≥–∏–≥–∞–º–∏ —Ç–µ–ª–µ2? –ë—É–¥—É –æ—á–µ–Ω—å –±–ª–∞–≥–æ–¥–∞—Ä–Ω–∞,post,post,1,24020407,12.4.2001,1,–±–ª–∞–≥–æ,1.0,,"22,2",2.0,,,,,,,,,,,,0
256,256,256,664545981,"–ë–ª–∞–≥–æ–¥–∞—Ä—é –∑–∞ –¥–µ—Ç—Å—Ç–≤–æ,  –¥–æ —Å–∏—Ö –ø–æ—Ä —Å–º–æ—Ç—Ä—é —ç—Ç–æ—Ç –º—É–ª—å—Ç–∏–∫",post,post,1,24020407,28.6,2,–±–ª–∞–≥–æ,,,,,,,,,,,,,,,,1
257,257,257,356461593,–°–ø—Å,post,post,1,24020407,10.12.1999,2,—Å–ø—Å,1.0,,"23,6",2.0,,,,,,,,,,,,0
258,258,258,244919131,–ö—Ç–æ –Ω–∏–±—É–¥—å –ø–æ–¥–µ–ª–∏—Ç–µ—Å—å –ø–æ–∂–∞–ª—É–π—Å—Ç–∞ –≥–∏–≥–∞–º–∏ —Ç–µ–ª–µ2? –ë—É–¥—É –æ—á–µ–Ω—å –±–ª–∞–≥–æ–¥–∞—Ä–Ω–∞,post,post,1,24018512,12.4.2001,1,–±–ª–∞–≥–æ,1.0,,"22,2",2.0,,,,,,,,,,,,0
259,259,259,572556180,—Å–ø—Å,post,post,1,23996345,23.9,2,—Å–ø—Å,,,,,,,,,,,,,,,,1
260,260,260,548924424,—Å–ø—Å –∑–∞ –∫–æ–ª–ª–∞–∂,post,post,1,23934400,2.8.1951,2,—Å–ø—Å,,,,,,,,,,,,,,,,1
261,261,261,548632115,–æ–≥–æ —Å–ø—Å,post,post,1,23926393,12.10.1902,1,—Å–ø—Å,,,,,,,,,,,,,,,,1
262,262,262,384207024,–ö–∞–∫–æ–µ —Å–ø—Å —á–µ–ª,post,post,1,23907632,1.1.1901,2,—Å–ø—Å,,,,,,,,,,,,,,,,1
263,263,263,457413255,–ú–º–º–º –ø–∞—Å–∏–±–∞,post,post,1,23883409,26.1.2006,2,–ø–∞—Å–∏–±–æ,1.0,,"17,4",1.0,,,,,,,,,,,,0
264,264,264,308980132,–°–ø—Å —á—Ç–æ –ø–æ–∫–∞–∑–∞–ª–∏ –∫–∞–∫ –Ω—É–∂–Ω–æ —Ä–µ–∞–≥–∏—Ä–æ–≤–∞—Ç—å,post,post,1,23863184,25.6.2000,2,—Å–ø—Å,1.0,,"23,0",2.0,,,,,,,,,,,,0
265,265,265,46005328,"–ê —Ç–µ–º –≤—Ä–µ–º–µ–Ω–µ–º –≥–¥–µ-—Ç–æ –≤ –ú–∏—Ä–µ –ñ–∏–≤—ã—Ö :) 
_____________________________________

–í–¥—ã—Ö–∞—è —Å—á–∞—Å—Ç—å–µ ‚Äì –≤—ã–¥—ã—Ö–∞–π –¥–æ–±—Ä–æ‚Ä¶ 
–ò –ø–æ–º–Ω–∏, —ç—Ç–æ—Ç –¥–µ–Ω—å ‚Äì –ø—Ä–µ–∫—Ä–∞—Å–Ω—ã–π —Å–∞–º—ã–π! 
–ü–æ—à–ª–∏ –í—Å–µ–ª–µ–Ω–Ω–æ–π –≤ –Ω–µ–±–æ —Ç–µ–ª–µ–≥—Ä–∞–º–º—É: 
¬´–ë–ª–∞–≥–æ–¥–∞—Ä—é –∑–∞ —Ö–ª–µ–± –∏ —Ç—ë–ø–ª—ã–π –∫—Ä–æ–≤. 
–ó–∞ —Ç–æ, —á—Ç–æ —è –ø—Ä–æ—Å–Ω—É–ª—Å—è –∏ –∑–¥–æ—Ä–æ–≤. 
–ó–∞ —Å–º–µ—Ö –¥–µ—Ç–µ–π –∏ –°–æ–ª–Ω—Ü–µ –∑–∞ –æ–∫–Ω–æ–º. 
–ó–∞ –∫–æ—Ñ–µ —Å –º–æ–ª–æ–∫–æ–º –∏ –º–∞—Ä—Ü–∏–ø–∞–Ω–æ–º. 
–ó–∞ —Ç–æ, —á—Ç–æ —è –ª–∏—à—å –∫–∞–ø–ª—è –æ–∫–µ–∞–Ω–∞ ‚Äì 
–ù–æ —Ç–∞–∫ –≤–µ–ª–∏–∫, –∫–∞–∫ —ç—Ç–æ—Ç –æ–∫–µ–∞–Ω. 
–ó–∞ —Ç–æ, —á—Ç–æ —É –º–µ–Ω—è –≤–Ω—É—Ç—Ä–∏ —Ñ–æ–Ω—Ç–∞–Ω 
–õ—é–±–≤–∏ –∏ —Å–≤–µ—Ç–∞, –Ω–µ–∂–Ω–æ—Å—Ç–∏ –∏ –≥—Ä—ë–∑ ‚Äì 
–ò —Ü–µ–ª—ã–π —Å–∞–¥ —Ü–≤–µ—Ç—É—â–∏—Ö –∞–ª—ã—Ö —Ä–æ–∑. 
–ë–ª–∞–≥–æ–¥–∞—Ä—é –∑–∞ —Ä–∞–¥–æ—Å—Ç—å –∏ –∑–∞ –±–æ–ª—å. 
–ó–∞ –æ–ø—ã—Ç, –¥–∞–Ω–Ω—ã–π –Ω–µ–±–æ–º –∏ —Å—É–¥—å–±–æ–π. 
–ó–∞ –ê–Ω–≥–µ–ª–∞ –•—Ä–∞–Ω–∏—Ç–µ–ª—è –∫—Ä—ã–ª–æ. 
–ó–∞ —Ç–æ, —á—Ç–æ –Ω–µ —Å–ª—É—á–∏–ª–æ—Å—å (–∞ –º–æ–≥–ª–æ!). 
–ó–∞ –°–æ–ª–Ω—Ü–∞ –ª—É—á, –ø—Ä–æ–Ω–∑–∏–≤—à–∏–π —Å–∏–Ω–µ–≤—É. 
–ó–∞ —Ç–æ, —á—Ç–æ —è —Ö–æ–∂—É, –¥—ã—à—É, –ñ–ò–í–£ !¬ª 
–ò –ø—É—Å—Ç—å, –∫–∞–∫ –º–∏—Ä, –ø—Ä–µ–¥–∞–Ω–∏–µ —Å—Ç–∞—Ä–æ: 
–í–¥—ã—Ö–∞—è —Å—á–∞—Å—Ç—å–µ ‚Äì –≤—ã–¥—ã—Ö–∞–π –¥–æ–±—Ä–æ!",post,post,1,23836799,,2,–±–ª–∞–≥–æ,,,,,,,,,,,,,,,,2
270,270,270,244919131,"–£ –∫–æ–≥–æ —Ç–µ–ª–µ2 ? –ü–æ–¥–µ–ª–∏—Ç–µ—Å—å –ø–æ–∂–∞–ª—É–π—Å—Ç–∞ –ø–∞—Ä—É –≥–∏–≥–∞–º–∏ üôè
–ë—É–¥—É –±–ª–∞–≥–æ–¥–∞—Ä–Ω–∞ –æ—Ç –≤—Å–µ–≥–æ —Å–µ—Ä–¥—Ü–∞ üß°",post,post,1,23830366,12.4.2001,1,–±–ª–∞–≥–æ,1.0,,"22,2",2.0,,,,,,,,,,,,1
272,272,272,530053043,–ª—é–¥–∏ —É –º–µ–Ω—è —Å–≥–æ—Ä–µ–ª–∞ –≤–∏–¥—é—Ö–∞ –∫–æ–º—É –Ω–µ –∂–∞–ª–∫–æ —Å–∫–∏–Ω—å—Ç–µ –¥–µ–Ω–µ–∂–∫—É –ª—é–±–æ–π –∫–æ–ø–µ–π–∫–µ –±—É–¥—É –±–ª–∞–≥–æ–¥–∞—Ä–µ–Ω 4274320077850306,post,post,1,23794845,20.7.2002,2,–±–ª–∞–≥–æ,1.0,,"20,9",2.0,,,,,,,,,,,,0
273,273,273,671299447,–†–ï–ë–Ø–¢ –ü–û–ñ–ê–õ–£–ô–°–¢–ê –ü–ï–†–ï–ô–î–ò–¢–ï –ö–û –ú–ù–ï –í –ü–†–û–§–ò–õ–¨ –ò –ü–û–î–ü–ò–®–ò–¢–ï–°–¨ –ù–ê –ú–û–ô –¢–ò–ö –¢–û–ö –ë–£–î–£ –ë–õ–ê–ì–û–î–ê–†–ï–ù –ö–ê–ñ–î–û–ú–£ –ò–ó –í–ê–° –ü–û–ñ–ê–õ–£–ô–°–¢–ê,post,post,1,23781210,20.2.2003,2,–±–ª–∞–≥–æ,1.0,,"20,4",2.0,,,,,,,,,,,,2
274,274,274,564654032,"–ø–∞—Å–∏–± –∑–∞ —É—Ç–æ—á–Ω–µ–Ω–∏–µ, –Ω–æ –ø—Ä–∞–≤–¥–∞ –¥–∞—à—å –Ω–µ 18 –∞ –º–∏–Ω–∏–º—É–º 25",post,post,1,23746015,15.6,2,–ø–∞—Å–∏–±–æ,,,,,,,,,,,,,,,,0
275,275,275,652333049,–ü–∞—Å–∏–±–æ –î–µ–¥—É –í–æ–≤–µ –∑–∞ —Å—Ç–∞–±–∏–ª—å–Ω–æ—Å—Ç—åüò®,post,post,1,23740393,20.4.1988,2,–ø–∞—Å–∏–±–æ,1.0,,"35,2",3.0,,,,,,,,,,,,0
276,276,276,205757548,–ø–æ–º–∞–≥–∏—Ç–µ –Ω–∞ –æ–ø–∞—Ö–º–µ–ª–∏—Ç—Å—è –∫—Ç–æ –º–æ–∂–µ—Ç 2200770272817927 –∑–∞—Ä–∞–Ω–µ–µ –±–ª–∞–≥–æ–¥–∞—Ä–µ–Ω,post,post,1,23704421,1.1.1901,2,–±–ª–∞–≥–æ,,,,,,,,,,,,,,,,0
277,277,277,349806228,–°–ø—Å —è –ø–æ—Å—Ä–∞–ª,post,post,1,23696514,10.9,2,—Å–ø—Å,,,,,,,,,,,,,,,,2
278,278,278,650133561,"–≠—Ö, –∫—Ç–æ –± –Ω–∞ —à–∞—É—Ä–º—É —Å–∫–∏–Ω—É–ª , –±—ã–ª–∞ –±—ã –æ—á–µ–Ω—å –±–ª–∞–≥–æ–¥–∞—Ä–Ω–∞ ‚ù§üòã",post,post,1,23690844,5.1,1,–±–ª–∞–≥–æ,,,,,,,,,,,,,,,,1
279,279,279,143494074,—Å–ø—Å –∑–∞ —Ç–∞–∫—É—é –∏–Ω—Ñ—É –≥—Ä—É–ø–ø—É –ø–æ–∫–∏–Ω—É–ª,post,post,1,23631190,11.2,2,—Å–ø—Å,,,,,,,,,,,,,,,,1
280,280,280,590624553,"–ö—Ç–æ –º–æ–∂–µ—Ç –∫–∏–Ω—É—Ç—å –≥–∏–≥–∞–±–∞–π—Ç–æ–≤, –±—É–¥—É –æ—á–µ–Ω—å –±–ª–∞–≥–æ–¥–∞—Ä–Ω–∞
89507736713",post,post,1,23540163,19.8.2003,1,–±–ª–∞–≥–æ,1.0,,"19,9",2.0,,,,,,,,,,,,1
281,281,281,512488940,"–°–ª–∞–≤–∞ –±–æ–≥—É, -1 —Ç–µ–ª–∫–∞, –Ω–æ—è–±—Ä—å, —Ö–æ—Ç—è–±—ã –Ω–∞ —ç—Ç–æ–º —Å–ø—Å",post,post,1,23484933,15.3,2,—Å–ø—Å,,,,,,,,,,,,,,,,0
282,282,282,661883002,"–í –∫–æ–º–µ–Ω—Ç–∞—Ö –æ–Ω–ª–∏ –±–æ—Ç—ã, —Å–ø—Å –∞–¥–º–∏–Ω._.",post,post,1,23477658,6.8.2003,1,—Å–ø—Å,1.0,,"19,9",2.0,,,,,,,,,,,,2
284,284,284,584350693,"—É –∫–æ–≥–æ —Ç–µ–ª–µ2, –º–æ–∂–µ—Ç–µ –ø–æ–∂–∞–ª—É–π—Å—Ç–∞ —Å–∫–∏–Ω—É—Ç—å –≥–±,—Å–∫–æ–ª—å–∫–æ —Ö–æ—Ç–∏—Ç–µ –º–Ω–µ —Ä–∞–∑–Ω–∏—Ü—ã –Ω–µ—Ç‚ù§Ô∏è –±—É–¥—É –æ—á–µ–Ω—å –±–ª–∞–≥–æ–¥–∞—Ä–Ω–∞ ‚ù§Ô∏è",post,post,1,23436545,31.10,1,–±–ª–∞–≥–æ,,,,,,,,,,,,,,,,1
285,285,285,298756706,–û–π –ø–∞—Å–∏–±–æüòÅüòä,post,post,1,23368696,5.3,2,–ø–∞—Å–∏–±–æ,,,,,,,,,,,,,,,,0
286,286,286,681592650,–ü–æ–º–æ–≥–∏—Ç–µ —Å –æ–ø–µ—Ä–∞—Ü–∏–µ–π –Ω–∞ –ø–ª–µ—á–µ –Ω—É–∂–Ω–æ 300000 –Ω–µ —Ö–æ—á—É –æ—Å—Ç–∞–≤–∞—Ç—å—Å—è –∏–Ω–≤–∞–ª–∏–¥–æ–º –µ—â—ë –ø–æ–¥—ã–º–∞—Ç—å –¥–≤–æ–∏—Ö –¥–µ—Ç–µ–π –∫–∞—Ä—Ç–∞ —Å–±–µ—Ä 2202200615856570 –ø–æ–º–æ–≥–∏—Ç–µ —Å–∫–æ–ª—å–∫–æ –º–æ–∂–µ—Ç–µ –≤—Å–µ–º –±–ª–∞–≥–æ–¥–∞—Ä–µ–Ω,post,post,1,23315889,19.10.1994,2,–±–ª–∞–≥–æ,1.0,,"28,7",2.0,,,,,,,,,,,,1
287,287,287,369820428,"–ù–ê–î —Å–æ–±–æ–π. –ù–µ, —Å–ø—Å —ç—Ç–æ–º—É –¥–∞—É–Ω—É, –Ω–æ —è –ª—É—á—à–µ –±—É–¥—É –±—É—Ö–∞—Ç—å –∏ –ø–∏—Å–∞—Ç—å –≥—Ä–∞–º–º–æ—Ç–Ω–æ.",post,post,1,23283111,15.7.1996,2,—Å–ø—Å,1.0,,"27,0",2.0,,,,,,,,,,,,2
288,288,288,494743971,"–Ø –±–ª–∞–≥–æ–¥–∞—Ä–µ–Ω –¥–æ–ª–≥–æ–ª–µ—Ç–∏–µ–º —Å–ø–æ—Ä—Ç—É —è –∏–º –Ω–µ –∫–æ–≥–¥–∞ –Ω–µ –∑–∞–Ω–∏–º–∞–ª—Å—è, —á–µ—Ä—á–∏–ª—å",post,post,1,23270437,7.11,2,–±–ª–∞–≥–æ,,,,,,,,,,,,,,,,1
289,289,289,668306932,"–í—Å–µ–º —É–≤–∞–∂–∞–µ–º—ã–µ –¥—Ä–∞—Å—Ç–∏ –≥–ª—É–±–æ—á–∞–∏—à–µ–µ))). –°–†–û–ß–ù–û –°–†–û–ß–ù–û –°–†–û–ß–ù–û )))) –ò—â—É –¥–µ–≤—É—à–∫—É –¥–ª—è –Ω–µ—á–∞—Å—Ç—ã—Ö, –Ω—É –ø—Ä–∏–º–µ—Ä–Ω–æ —Ä–∞–∑–∞ 3 –≤ –Ω–µ–¥–µ–ª—é –≤–∑–∞–∏–º–Ω–æ –ø—Ä–∏—è—Ç–Ω—ã—Ö –≤—Å—Ç—Ä–µ—á, —Ä–∞—Å—à–∏—Ñ—Ä—É—é —á—Ç–æ —Ç–∞–∫–æ–µ –≤–∑–∞–∏–º–Ω–æ –ø—Ä–∏—è—Ç–Ω–æ,))))) : –¥–ª—è –º–µ–Ω—è —ç—Ç–æ –≤–∞—à —Ä–∞–∑–º–µ—Ä –≥—Ä—É–¥–∏ –º–∏–Ω–∏–º—É–º 2.5 –∏ –∫—Ä–∞—Å–∏–≤–∞—è –ø–æ–ø–∞))). –ù—É –∞ –¥–ª—è –≤–∞—Å —ç—Ç–æ –≤–æ–∑–Ω–∞–≥—Ä–∞–∂–¥–µ–Ω–∏–µ –æ—Ç 100000 –∏ –≤—ã—Å—à–µ —Å –æ–¥–Ω–æ–π –≤—Å—Ç—Ä–µ—á–∏. –ë–ª–∞–≥–æ–¥–∞—Ä—é –∑–∞ –≤–Ω–∏–º–∞–Ω–∏–µ",post,post,1,23242255,4.1.2006,2,–±–ª–∞–≥–æ,1.0,,"17,5",1.0,,,,,,,,,,,,1
290,290,290,490192726,"–≤–∞—É.
—Å–ø—Å –∑–∞ –∏–Ω—Ñ—É –ø–æ–ª–µ–∑–Ω–∞—è –æ–∫–∞–∑–∞–ª–∞—Å—å
.
.
.
.
.
.
.
.
.
.
–æ—á–µ–Ω—å.",post,post,1,23237340,22.7.2005,2,—Å–ø—Å,1.0,,"17,9",1.0,,,,,,,,,,,,1
291,291,291,616658683,–±–ª–∞–≥–æ–¥–∞—Ä—é,post,post,1,23217807,23.1.2006,1,–±–ª–∞–≥–æ,1.0,,"17,4",1.0,,,,,,,,,,,,1
292,292,292,616658683,–±–ª–∞–≥–æ–¥–∞—Ä—é,post,post,1,23217807,23.1.2006,1,–±–ª–∞–≥–æ,1.0,,"17,4",1.0,,,,,,,,,,,,1
293,293,293,583203215,–ö—Ç–æ –¥–æ–±–∞–≤–∏—Ç –º–µ–Ω—è –≤ –ª—é–±—É—é –±–µ—Å–µ–¥—É –±—É–¥—É –±–ª–∞–≥–æ–¥–∞—Ä–µ–Ω,post,post,1,23204953,22.4,2,–±–ª–∞–≥–æ,,,,,,,,,,,,,,,,1
294,294,294,599481953,–æ–ø–ø–∞ —Å–ø—Å –∞–¥–º–µ–Ω,post,post,1,23162154,5.5,2,—Å–ø—Å,,,,,,,,,,,,,,,,0
295,295,295,679408965,"–ü–æ–¥–µ–ª–∏—Ç–µ—Å—å —Å –±–µ–¥–Ω—ã–º —Å—Ç—É–¥–µ–Ω—Ç–æ–º –º–µ–ª–æ—á—å—é,–ø–æ–∂–∞–∞–∞–∞–ª—É–π—Å—Ç–∞,–æ—á–µ–Ω—å —É–∂ –∫—É—Ä–∏—Ç—å —Ö–æ—á–µ—Ç—Å—è5258331362719707 –ì–∞–∑–ø—Ä–æ–º. –ó–∞—Ä–∞–Ω–µ–µ –ø—Ä–µ–º–Ω–æ–≥–æ –±–ª–∞–≥–æ–¥–∞—Ä–µ–Ω üéàüíé",post,post,1,23160174,8.10.2002,2,–±–ª–∞–≥–æ,1.0,,"20,7",2.0,,,,,,,,,,,,0
297,297,297,231223032,"–°–∫–∏–Ω—å—Ç–µ 1–≥–∏–≥ –Ω–∞ —Ç–µ–ª–µ2 –∫–æ–º—É –Ω–µ –∂–∞–ª–∫–æ, –±—É–¥—É –±–ª–∞–≥–æ–¥–∞—Ä–µ–Ω",post,post,1,23106577,,2,–±–ª–∞–≥–æ,,,,,,,,,,,,,,,,0
298,298,298,380741405,–ù–∞–ø–∏—à–∏—Ç–µ –≤ –ª—Å –∫–æ–≥–¥–∞ –∑–∞—Ä–∞–±–æ—Ç–∞—é—Ç –æ—á–µ–Ω—å –±–ª–∞–≥–æ–¥–∞—Ä–µ–Ω –±—É–¥—É),post,post,1,23098955,23.11.1999,2,–±–ª–∞–≥–æ,1.0,,"23,6",2.0,,,,,,,,,,,,1
299,299,299,624474368,—Å–ø—Å,post,post,1,23047290,21.10,1,—Å–ø—Å,,,,,,,,,,,,,,,,1
300,300,300,409172527,–°–ø—Å –∑–∞ –ø–∞–ª–µ–≤–æ –Ω–æ–º–µ—Ä–Ω—ã—Ö –∑–Ω–∞–∫–æ–≤ –º–∞—à–∏–Ω—ã),post,post,1,23035655,3.12.2008,2,—Å–ø—Å,1.0,,"14,6",1.0,,,,,,,,,,,,0
